Size,Pressure class /flange,Bonnet,Yokeboss,Actuator,SeriesNumber,ModelName,,,,,,
NPS 1,CL150 RF,Plain,2 1/8,30i,000001,FCVCAD000001,,,,,,
NPS 1,CL150 RF,Plain,2 1/8,34i,000002,FCVCAD000002,,,,,,
NPS 1,CL150 RF,Ext 1,2 1/8,30i,000003,FCVCAD000003,,,,,,
NPS 1,CL150 RF,Ext 1,2 1/8,34i,000004,FCVCAD000004,,,,,,
NPS 1,CL150 RF,Plain,2 13/16,40i,000005,FCVCAD000005,,,,,,
NPS 1,CL150 RF,Plain,2 13/16,45i,000006,FCVCAD000006,,,,,,
NPS 1,CL150 RF,Plain,2 13/16,46i,000007,FCVCAD000007,,,,,,
NPS 1,CL150 RF,Ext 1,2 13/16,40i,000008,FCVCAD000008,,,,,,
NPS 1,CL150 RF,Ext 1,2 13/16,45i,000009,FCVCAD000009,,,,,,
NPS 1,CL150 RF,Ext 1,2 13/16,46i,000010,FCVCAD000010,,,,,,
NPS 1,CL150 RF,Plain,3 9/16,50i,000011,FCVCAD000011,,,,,,
NPS 1,CL150 RF,Plain,3 9/16,60i,000012,FCVCAD000012,,,,,,
NPS 1,CL150 RF,Plain,3 9/16,70i,000013,FCVCAD000013,,,,,,
NPS 1,CL150 RF,Plain,3 9/16,76i,000014,FCVCAD000014,,,,,,
NPS 1,CL150 RTJ,Plain,2 1/8,30i,000015,FCVCAD000015,,,,,,
NPS 1,CL150 RTJ,Plain,2 1/8,34i,000016,FCVCAD000016,,,,,,
NPS 1,CL150 RTJ,Ext 1,2 1/8,30i,000017,FCVCAD000017,,,,,,
NPS 1,CL150 RTJ,Ext 1,2 1/8,34i,000018,FCVCAD000018,,,,,,
NPS 1,CL150 RTJ,Plain,2 13/16,40i,000019,FCVCAD000019,,,,,,
NPS 1,CL150 RTJ,Plain,2 13/16,45i,000020,FCVCAD000020,,,,,,
NPS 1,CL150 RTJ,Plain,2 13/16,46i,000021,FCVCAD000021,,,,,,
NPS 1,CL150 RTJ,Ext 1,2 13/16,40i,000022,FCVCAD000022,,,,,,
NPS 1,CL150 RTJ,Ext 1,2 13/16,45i,000023,FCVCAD000023,,,,,,
NPS 1,CL150 RTJ,Ext 1,2 13/16,46i,000024,FCVCAD000024,,,,,,
NPS 1,CL150 RTJ,Plain,3 9/16,50i,000025,FCVCAD000025,,,,,,
NPS 1,CL150 RTJ,Plain,3 9/16,60i,000026,FCVCAD000026,,,,,,
NPS 1,CL150 RTJ,Plain,3 9/16,70i,000027,FCVCAD000027,,,,,,
NPS 1,CL150 RTJ,Plain,3 9/16,76i,000028,FCVCAD000028,,,,,,
NPS 1,CL300 RF,Plain,2 1/8,30i,000029,FCVCAD000029,,,,,,
NPS 1,CL300 RF,Plain,2 1/8,34i,000030,FCVCAD000030,,,,,,
NPS 1,CL300 RF,Ext 1,2 1/8,30i,000031,FCVCAD000031,,,,,,
NPS 1,CL300 RF,Ext 1,2 1/8,34i,000032,FCVCAD000032,,,,,,
NPS 1,CL300 RF,Plain,2 13/16,40i,000033,FCVCAD000033,,,,,,
NPS 1,CL300 RF,Plain,2 13/16,45i,000034,FCVCAD000034,,,,,,
NPS 1,CL300 RF,Plain,2 13/16,46i,000035,FCVCAD000035,,,,,,
NPS 1,CL300 RF,Ext 1,2 13/16,40i,000036,FCVCAD000036,,,,,,
NPS 1,CL300 RF,Ext 1,2 13/16,45i,000037,FCVCAD000037,,,,,,
NPS 1,CL300 RF,Ext 1,2 13/16,46i,000038,FCVCAD000038,,,,,,
NPS 1,CL300 RF,Plain,3 9/16,50i,000039,FCVCAD000039,,,,,,
NPS 1,CL300 RF,Plain,3 9/16,60i,000040,FCVCAD000040,,,,,,
NPS 1,CL300 RF,Plain,3 9/16,70i,000041,FCVCAD000041,,,,,,
NPS 1,CL300 RF,Plain,3 9/16,76i,000042,FCVCAD000042,,,,,,
NPS 1,CL300-600 RTJ,Plain,2 1/8,30i,000043,FCVCAD000043,,,,,,
NPS 1,CL300-600 RTJ,Plain,2 1/8,34i,000044,FCVCAD000044,,,,,,
NPS 1,CL300-600 RTJ,Ext 1,2 1/8,30i,000045,FCVCAD000045,,,,,,
NPS 1,CL300-600 RTJ,Ext 1,2 1/8,34i,000046,FCVCAD000046,,,,,,
NPS 1,CL300-600 RTJ,Plain,2 13/16,40i,000047,FCVCAD000047,,,,,,
NPS 1,CL300-600 RTJ,Plain,2 13/16,45i,000048,FCVCAD000048,,,,,,
NPS 1,CL300-600 RTJ,Plain,2 13/16,46i,000049,FCVCAD000049,,,,,,
NPS 1,CL300-600 RTJ,Ext 1,2 13/16,40i,000050,FCVCAD000050,,,,,,
NPS 1,CL300-600 RTJ,Ext 1,2 13/16,45i,000051,FCVCAD000051,,,,,,
NPS 1,CL300-600 RTJ,Ext 1,2 13/16,46i,000052,FCVCAD000052,,,,,,
NPS 1,CL300-600 RTJ,Plain,3 9/16,50i,000053,FCVCAD000053,,,,,,
NPS 1,CL300-600 RTJ,Plain,3 9/16,60i,000054,FCVCAD000054,,,,,,
NPS 1,CL300-600 RTJ,Plain,3 9/16,70i,000055,FCVCAD000055,,,,,,
NPS 1,CL300-600 RTJ,Plain,3 9/16,76i,000056,FCVCAD000056,,,,,,
NPS 1,CL600 RF,Plain,2 1/8,30i,000057,FCVCAD000057,,,,,,
NPS 1,CL600 RF,Plain,2 1/8,34i,000058,FCVCAD000058,,,,,,
NPS 1,CL600 RF,Ext 1,2 1/8,30i,000059,FCVCAD000059,,,,,,
NPS 1,CL600 RF,Ext 1,2 1/8,34i,000060,FCVCAD000060,,,,,,
NPS 1,CL600 RF,Plain,2 13/16,40i,000061,FCVCAD000061,,,,,,
NPS 1,CL600 RF,Plain,2 13/16,45i,000062,FCVCAD000062,,,,,,
NPS 1,CL600 RF,Plain,2 13/16,46i,000063,FCVCAD000063,,,,,,
NPS 1,CL600 RF,Ext 1,2 13/16,40i,000064,FCVCAD000064,,,,,,
NPS 1,CL600 RF,Ext 1,2 13/16,45i,000065,FCVCAD000065,,,,,,
NPS 1,CL600 RF,Ext 1,2 13/16,46i,000066,FCVCAD000066,,,,,,
NPS 1,CL600 RF,Plain,3 9/16,50i,000067,FCVCAD000067,,,,,,
NPS 1,CL600 RF,Plain,3 9/16,60i,000068,FCVCAD000068,,,,,,
NPS 1,CL600 RF,Plain,3 9/16,70i,000069,FCVCAD000069,,,,,,
NPS 1,CL600 RF,Plain,3 9/16,76i,000070,FCVCAD000070,,,,,,
NPS 1,BWE,Plain,2 1/8,30i,000071,FCVCAD000071,,,,,,
NPS 1,BWE,Plain,2 1/8,34i,000072,FCVCAD000072,,,,,,
NPS 1,BWE,Ext 1,2 1/8,30i,000073,FCVCAD000073,,,,,,
NPS 1,BWE,Ext 1,2 1/8,34i,000074,FCVCAD000074,,,,,,
NPS 1,BWE,Plain,2 13/16,40i,000075,FCVCAD000075,,,,,,
NPS 1,BWE,Plain,2 13/16,45i,000076,FCVCAD000076,,,,,,
NPS 1,BWE,Plain,2 13/16,46i,000077,FCVCAD000077,,,,,,
NPS 1,BWE,Ext 1,2 13/16,40i,000078,FCVCAD000078,,,,,,
NPS 1,BWE,Ext 1,2 13/16,45i,000079,FCVCAD000079,,,,,,
NPS 1,BWE,Ext 1,2 13/16,46i,000080,FCVCAD000080,,,,,,
NPS 1,BWE,Plain,3 9/16,50i,000081,FCVCAD000081,,,,,,
NPS 1,BWE,Plain,3 9/16,60i,000082,FCVCAD000082,,,,,,
NPS 1,BWE,Plain,3 9/16,70i,000083,FCVCAD000083,,,,,,
NPS 1,BWE,Plain,3 9/16,76i,000084,FCVCAD000084,,,,,,
NPS 1,PN16-40,Plain,2 1/8,30i,000085,FCVCAD000085,,,,,,
NPS 1,PN16-40,Plain,2 1/8,34i,000086,FCVCAD000086,,,,,,
NPS 1,PN16-40,Ext 1,2 1/8,30i,000087,FCVCAD000087,,,,,,
NPS 1,PN16-40,Ext 1,2 1/8,34i,000088,FCVCAD000088,,,,,,
NPS 1,PN16-40,Plain,2 13/16,40i,000089,FCVCAD000089,,,,,,
NPS 1,PN16-40,Plain,2 13/16,45i,000090,FCVCAD000090,,,,,,
NPS 1,PN16-40,Plain,2 13/16,46i,000091,FCVCAD000091,,,,,,
NPS 1,PN16-40,Ext 1,2 13/16,40i,000092,FCVCAD000092,,,,,,
NPS 1,PN16-40,Ext 1,2 13/16,45i,000093,FCVCAD000093,,,,,,
NPS 1,PN16-40,Ext 1,2 13/16,46i,000094,FCVCAD000094,,,,,,
NPS 1,PN16-40,Plain,3 9/16,50i,000095,FCVCAD000095,,,,,,
NPS 1,PN16-40,Plain,3 9/16,60i,000096,FCVCAD000096,,,,,,
NPS 1,PN16-40,Plain,3 9/16,70i,000097,FCVCAD000097,,,,,,
NPS 1,PN16-40,Plain,3 9/16,76i,000098,FCVCAD000098,,,,,,
NPS 1,PN63-100,Plain,2 1/8,30i,000099,FCVCAD000099,,,,,,
NPS 1,PN63-100,Plain,2 1/8,34i,000100,FCVCAD000100,,,,,,
NPS 1,PN63-100,Ext 1,2 1/8,30i,000101,FCVCAD000101,,,,,,
NPS 1,PN63-100,Ext 1,2 1/8,34i,000102,FCVCAD000102,,,,,,
NPS 1,PN63-100,Plain,2 13/16,40i,000103,FCVCAD000103,,,,,,
NPS 1,PN63-100,Plain,2 13/16,45i,000104,FCVCAD000104,,,,,,
NPS 1,PN63-100,Plain,2 13/16,46i,000105,FCVCAD000105,,,,,,
NPS 1,PN63-100,Ext 1,2 13/16,40i,000106,FCVCAD000106,,,,,,
NPS 1,PN63-100,Ext 1,2 13/16,45i,000107,FCVCAD000107,,,,,,
NPS 1,PN63-100,Ext 1,2 13/16,46i,000108,FCVCAD000108,,,,,,
NPS 1,PN63-100,Plain,3 9/16,50i,000109,FCVCAD000109,,,,,,
NPS 1,PN63-100,Plain,3 9/16,60i,000110,FCVCAD000110,,,,,,
NPS 1,PN63-100,Plain,3 9/16,70i,000111,FCVCAD000111,,,,,,
NPS 1,PN63-100,Plain,3 9/16,76i,000112,FCVCAD000112,,,,,,
NPS 1 1/2,CL150 RF,Plain,2 1/8,30i,000113,FCVCAD000113,,,,,,
NPS 1 1/2,CL150 RF,Plain,2 1/8,34i,000114,FCVCAD000114,,,,,,
NPS 1 1/2,CL150 RF,Ext 1,2 1/8,30i,000115,FCVCAD000115,,,,,,
NPS 1 1/2,CL150 RF,Ext 1,2 1/8,34i,000116,FCVCAD000116,,,,,,
NPS 1 1/2,CL150 RF,Plain,2 13/16,40i,000117,FCVCAD000117,,,,,,
NPS 1 1/2,CL150 RF,Plain,2 13/16,45i,000118,FCVCAD000118,,,,,,
NPS 1 1/2,CL150 RF,Plain,2 13/16,46i,000119,FCVCAD000119,,,,,,
NPS 1 1/2,CL150 RF,Ext 1,2 13/16,40i,000120,FCVCAD000120,,,,,,
NPS 1 1/2,CL150 RF,Ext 1,2 13/16,45i,000121,FCVCAD000121,,,,,,
NPS 1 1/2,CL150 RF,Ext 1,2 13/16,46i,000122,FCVCAD000122,,,,,,
NPS 1 1/2,CL150 RF,Plain,3 9/16,50i,000123,FCVCAD000123,,,,,,
NPS 1 1/2,CL150 RF,Plain,3 9/16,60i,000124,FCVCAD000124,,,,,,
NPS 1 1/2,CL150 RF,Plain,3 9/16,70i,000125,FCVCAD000125,,,,,,
NPS 1 1/2,CL150 RF,Plain,3 9/16,76i,000126,FCVCAD000126,,,,,,
NPS 1 1/2,CL150 RF,Ext 1,3 9/16,50i,000127,FCVCAD000127,,,,,,
NPS 1 1/2,CL150 RF,Ext 1,3 9/16,60i,000128,FCVCAD000128,,,,,,
NPS 1 1/2,CL150 RF,Ext 1,3 9/16,70i,000129,FCVCAD000129,,,,,,
NPS 1 1/2,CL150 RF,Ext 1,3 9/16,76i,000130,FCVCAD000130,,,,,,
NPS 1 1/2,CL150 RTJ,Plain,2 1/8,30i,000131,FCVCAD000131,,,,,,
NPS 1 1/2,CL150 RTJ,Plain,2 1/8,34i,000132,FCVCAD000132,,,,,,
NPS 1 1/2,CL150 RTJ,Ext 1,2 1/8,30i,000133,FCVCAD000133,,,,,,
NPS 1 1/2,CL150 RTJ,Ext 1,2 1/8,34i,000134,FCVCAD000134,,,,,,
NPS 1 1/2,CL150 RTJ,Plain,2 13/16,40i,000135,FCVCAD000135,,,,,,
NPS 1 1/2,CL150 RTJ,Plain,2 13/16,45i,000136,FCVCAD000136,,,,,,
NPS 1 1/2,CL150 RTJ,Plain,2 13/16,46i,000137,FCVCAD000137,,,,,,
NPS 1 1/2,CL150 RTJ,Ext 1,2 13/16,40i,000138,FCVCAD000138,,,,,,
NPS 1 1/2,CL150 RTJ,Ext 1,2 13/16,45i,000139,FCVCAD000139,,,,,,
NPS 1 1/2,CL150 RTJ,Ext 1,2 13/16,46i,000140,FCVCAD000140,,,,,,
NPS 1 1/2,CL150 RTJ,Plain,3 9/16,50i,000141,FCVCAD000141,,,,,,
NPS 1 1/2,CL150 RTJ,Plain,3 9/16,60i,000142,FCVCAD000142,,,,,,
NPS 1 1/2,CL150 RTJ,Plain,3 9/16,70i,000143,FCVCAD000143,,,,,,
NPS 1 1/2,CL150 RTJ,Plain,3 9/16,76i,000144,FCVCAD000144,,,,,,
NPS 1 1/2,CL150 RTJ,Ext 1,3 9/16,50i,000145,FCVCAD000145,,,,,,
NPS 1 1/2,CL150 RTJ,Ext 1,3 9/16,60i,000146,FCVCAD000146,,,,,,
NPS 1 1/2,CL150 RTJ,Ext 1,3 9/16,70i,000147,FCVCAD000147,,,,,,
NPS 1 1/2,CL150 RTJ,Ext 1,3 9/16,76i,000148,FCVCAD000148,,,,,,
NPS 1 1/2,CL300 RF,Plain,2 1/8,30i,000149,FCVCAD000149,,,,,,
NPS 1 1/2,CL300 RF,Plain,2 1/8,34i,000150,FCVCAD000150,,,,,,
NPS 1 1/2,CL300 RF,Ext 1,2 1/8,30i,000151,FCVCAD000151,,,,,,
NPS 1 1/2,CL300 RF,Ext 1,2 1/8,34i,000152,FCVCAD000152,,,,,,
NPS 1 1/2,CL300 RF,Plain,2 13/16,40i,000153,FCVCAD000153,,,,,,
NPS 1 1/2,CL300 RF,Plain,2 13/16,45i,000154,FCVCAD000154,,,,,,
NPS 1 1/2,CL300 RF,Plain,2 13/16,46i,000155,FCVCAD000155,,,,,,
NPS 1 1/2,CL300 RF,Ext 1,2 13/16,40i,000156,FCVCAD000156,,,,,,
NPS 1 1/2,CL300 RF,Ext 1,2 13/16,45i,000157,FCVCAD000157,,,,,,
NPS 1 1/2,CL300 RF,Ext 1,2 13/16,46i,000158,FCVCAD000158,,,,,,
NPS 1 1/2,CL300 RF,Plain,3 9/16,50i,000159,FCVCAD000159,,,,,,
NPS 1 1/2,CL300 RF,Plain,3 9/16,60i,000160,FCVCAD000160,,,,,,
NPS 1 1/2,CL300 RF,Plain,3 9/16,70i,000161,FCVCAD000161,,,,,,
NPS 1 1/2,CL300 RF,Plain,3 9/16,76i,000162,FCVCAD000162,,,,,,
NPS 1 1/2,CL300 RF,Ext 1,3 9/16,50i,000163,FCVCAD000163,,,,,,
NPS 1 1/2,CL300 RF,Ext 1,3 9/16,60i,000164,FCVCAD000164,,,,,,
NPS 1 1/2,CL300 RF,Ext 1,3 9/16,70i,000165,FCVCAD000165,,,,,,
NPS 1 1/2,CL300 RF,Ext 1,3 9/16,76i,000166,FCVCAD000166,,,,,,
NPS 1 1/2,CL300 RTJ,Plain,2 1/8,30i,000167,FCVCAD000167,,,,,,
NPS 1 1/2,CL300 RTJ,Plain,2 1/8,34i,000168,FCVCAD000168,,,,,,
NPS 1 1/2,CL300 RTJ,Ext 1,2 1/8,30i,000169,FCVCAD000169,,,,,,
NPS 1 1/2,CL300 RTJ,Ext 1,2 1/8,34i,000170,FCVCAD000170,,,,,,
NPS 1 1/2,CL300 RTJ,Plain,2 13/16,40i,000171,FCVCAD000171,,,,,,
NPS 1 1/2,CL300 RTJ,Plain,2 13/16,45i,000172,FCVCAD000172,,,,,,
NPS 1 1/2,CL300 RTJ,Plain,2 13/16,46i,000173,FCVCAD000173,,,,,,
NPS 1 1/2,CL300 RTJ,Ext 1,2 13/16,40i,000174,FCVCAD000174,,,,,,
NPS 1 1/2,CL300 RTJ,Ext 1,2 13/16,45i,000175,FCVCAD000175,,,,,,
NPS 1 1/2,CL300 RTJ,Ext 1,2 13/16,46i,000176,FCVCAD000176,,,,,,
NPS 1 1/2,CL300 RTJ,Plain,3 9/16,50i,000177,FCVCAD000177,,,,,,
NPS 1 1/2,CL300 RTJ,Plain,3 9/16,60i,000178,FCVCAD000178,,,,,,
NPS 1 1/2,CL300 RTJ,Plain,3 9/16,70i,000179,FCVCAD000179,,,,,,
NPS 1 1/2,CL300 RTJ,Plain,3 9/16,76i,000180,FCVCAD000180,,,,,,
NPS 1 1/2,CL300 RTJ,Ext 1,3 9/16,50i,000181,FCVCAD000181,,,,,,
NPS 1 1/2,CL300 RTJ,Ext 1,3 9/16,60i,000182,FCVCAD000182,,,,,,
NPS 1 1/2,CL300 RTJ,Ext 1,3 9/16,70i,000183,FCVCAD000183,,,,,,
NPS 1 1/2,CL300 RTJ,Ext 1,3 9/16,76i,000184,FCVCAD000184,,,,,,
NPS 1 1/2,CL600 RF,Plain,2 1/8,30i,000185,FCVCAD000185,,,,,,
NPS 1 1/2,CL600 RF,Plain,2 1/8,34i,000186,FCVCAD000186,,,,,,
NPS 1 1/2,CL600 RF,Ext 1,2 1/8,30i,000187,FCVCAD000187,,,,,,
NPS 1 1/2,CL600 RF,Ext 1,2 1/8,34i,000188,FCVCAD000188,,,,,,
NPS 1 1/2,CL600 RF,Plain,2 13/16,40i,000189,FCVCAD000189,,,,,,
NPS 1 1/2,CL600 RF,Plain,2 13/16,45i,000190,FCVCAD000190,,,,,,
NPS 1 1/2,CL600 RF,Plain,2 13/16,46i,000191,FCVCAD000191,,,,,,
NPS 1 1/2,CL600 RF,Ext 1,2 13/16,40i,000192,FCVCAD000192,,,,,,
NPS 1 1/2,CL600 RF,Ext 1,2 13/16,45i,000193,FCVCAD000193,,,,,,
NPS 1 1/2,CL600 RF,Ext 1,2 13/16,46i,000194,FCVCAD000194,,,,,,
NPS 1 1/2,CL600 RF,Plain,3 9/16,50i,000195,FCVCAD000195,,,,,,
NPS 1 1/2,CL600 RF,Plain,3 9/16,60i,000196,FCVCAD000196,,,,,,
NPS 1 1/2,CL600 RF,Plain,3 9/16,70i,000197,FCVCAD000197,,,,,,
NPS 1 1/2,CL600 RF,Plain,3 9/16,76i,000198,FCVCAD000198,,,,,,
NPS 1 1/2,CL600 RF,Ext 1,3 9/16,50i,000199,FCVCAD000199,,,,,,
NPS 1 1/2,CL600 RF,Ext 1,3 9/16,60i,000200,FCVCAD000200,,,,,,
NPS 1 1/2,CL600 RF,Ext 1,3 9/16,70i,000201,FCVCAD000201,,,,,,
NPS 1 1/2,CL600 RF,Ext 1,3 9/16,76i,000202,FCVCAD000202,,,,,,
NPS 1 1/2,CL600 RTJ,Plain,2 1/8,30i,000203,FCVCAD000203,,,,,,
NPS 1 1/2,CL600 RTJ,Plain,2 1/8,34i,000204,FCVCAD000204,,,,,,
NPS 1 1/2,CL600 RTJ,Ext 1,2 1/8,30i,000205,FCVCAD000205,,,,,,
NPS 1 1/2,CL600 RTJ,Ext 1,2 1/8,34i,000206,FCVCAD000206,,,,,,
NPS 1 1/2,CL600 RTJ,Plain,2 13/16,40i,000207,FCVCAD000207,,,,,,
NPS 1 1/2,CL600 RTJ,Plain,2 13/16,45i,000208,FCVCAD000208,,,,,,
NPS 1 1/2,CL600 RTJ,Plain,2 13/16,46i,000209,FCVCAD000209,,,,,,
NPS 1 1/2,CL600 RTJ,Ext 1,2 13/16,40i,000210,FCVCAD000210,,,,,,
NPS 1 1/2,CL600 RTJ,Ext 1,2 13/16,45i,000211,FCVCAD000211,,,,,,
NPS 1 1/2,CL600 RTJ,Ext 1,2 13/16,46i,000212,FCVCAD000212,,,,,,
NPS 1 1/2,CL600 RTJ,Plain,3 9/16,50i,000213,FCVCAD000213,,,,,,
NPS 1 1/2,CL600 RTJ,Plain,3 9/16,60i,000214,FCVCAD000214,,,,,,
NPS 1 1/2,CL600 RTJ,Plain,3 9/16,70i,000215,FCVCAD000215,,,,,,
NPS 1 1/2,CL600 RTJ,Plain,3 9/16,76i,000216,FCVCAD000216,,,,,,
NPS 1 1/2,CL600 RTJ,Ext 1,3 9/16,50i,000217,FCVCAD000217,,,,,,
NPS 1 1/2,CL600 RTJ,Ext 1,3 9/16,60i,000218,FCVCAD000218,,,,,,
NPS 1 1/2,CL600 RTJ,Ext 1,3 9/16,70i,000219,FCVCAD000219,,,,,,
NPS 1 1/2,CL600 RTJ,Ext 1,3 9/16,76i,000220,FCVCAD000220,,,,,,
NPS 1 1/2,BWE,Plain,2 1/8,30i,000221,FCVCAD000221,,,,,,
NPS 1 1/2,BWE,Plain,2 1/8,34i,000222,FCVCAD000222,,,,,,
NPS 1 1/2,BWE,Ext 1,2 1/8,30i,000223,FCVCAD000223,,,,,,
NPS 1 1/2,BWE,Ext 1,2 1/8,34i,000224,FCVCAD000224,,,,,,
NPS 1 1/2,BWE,Plain,2 13/16,40i,000225,FCVCAD000225,,,,,,
NPS 1 1/2,BWE,Plain,2 13/16,45i,000226,FCVCAD000226,,,,,,
NPS 1 1/2,BWE,Plain,2 13/16,46i,000227,FCVCAD000227,,,,,,
NPS 1 1/2,BWE,Ext 1,2 13/16,40i,000228,FCVCAD000228,,,,,,
NPS 1 1/2,BWE,Ext 1,2 13/16,45i,000229,FCVCAD000229,,,,,,
NPS 1 1/2,BWE,Ext 1,2 13/16,46i,000230,FCVCAD000230,,,,,,
NPS 1 1/2,BWE,Plain,3 9/16,50i,000231,FCVCAD000231,,,,,,
NPS 1 1/2,BWE,Plain,3 9/16,60i,000232,FCVCAD000232,,,,,,
NPS 1 1/2,BWE,Plain,3 9/16,70i,000233,FCVCAD000233,,,,,,
NPS 1 1/2,BWE,Plain,3 9/16,76i,000234,FCVCAD000234,,,,,,
NPS 1 1/2,BWE,Ext 1,3 9/16,50i,000235,FCVCAD000235,,,,,,
NPS 1 1/2,BWE,Ext 1,3 9/16,60i,000236,FCVCAD000236,,,,,,
NPS 1 1/2,BWE,Ext 1,3 9/16,70i,000237,FCVCAD000237,,,,,,
NPS 1 1/2,BWE,Ext 1,3 9/16,76i,000238,FCVCAD000238,,,,,,
NPS 1 1/2,PN16-40,Plain,2 1/8,30i,000239,FCVCAD000239,,,,,,
NPS 1 1/2,PN16-40,Plain,2 1/8,34i,000240,FCVCAD000240,,,,,,
NPS 1 1/2,PN16-40,Ext 1,2 1/8,30i,000241,FCVCAD000241,,,,,,
NPS 1 1/2,PN16-40,Ext 1,2 1/8,34i,000242,FCVCAD000242,,,,,,
NPS 1 1/2,PN16-40,Plain,2 13/16,40i,000243,FCVCAD000243,,,,,,
NPS 1 1/2,PN16-40,Plain,2 13/16,45i,000244,FCVCAD000244,,,,,,
NPS 1 1/2,PN16-40,Plain,2 13/16,46i,000245,FCVCAD000245,,,,,,
NPS 1 1/2,PN16-40,Ext 1,2 13/16,40i,000246,FCVCAD000246,,,,,,
NPS 1 1/2,PN16-40,Ext 1,2 13/16,45i,000247,FCVCAD000247,,,,,,
NPS 1 1/2,PN16-40,Ext 1,2 13/16,46i,000248,FCVCAD000248,,,,,,
NPS 1 1/2,PN16-40,Plain,3 9/16,50i,000249,FCVCAD000249,,,,,,
NPS 1 1/2,PN16-40,Plain,3 9/16,60i,000250,FCVCAD000250,,,,,,
NPS 1 1/2,PN16-40,Plain,3 9/16,70i,000251,FCVCAD000251,,,,,,
NPS 1 1/2,PN16-40,Plain,3 9/16,76i,000252,FCVCAD000252,,,,,,
NPS 1 1/2,PN16-40,Ext 1,3 9/16,50i,000253,FCVCAD000253,,,,,,
NPS 1 1/2,PN16-40,Ext 1,3 9/16,60i,000254,FCVCAD000254,,,,,,
NPS 1 1/2,PN16-40,Ext 1,3 9/16,70i,000255,FCVCAD000255,,,,,,
NPS 1 1/2,PN16-40,Ext 1,3 9/16,76i,000256,FCVCAD000256,,,,,,
NPS 1 1/2,PN63-100,Plain,2 1/8,30i,000257,FCVCAD000257,,,,,,
NPS 1 1/2,PN63-100,Plain,2 1/8,34i,000258,FCVCAD000258,,,,,,
NPS 1 1/2,PN63-100,Ext 1,2 1/8,30i,000259,FCVCAD000259,,,,,,
NPS 1 1/2,PN63-100,Ext 1,2 1/8,34i,000260,FCVCAD000260,,,,,,
NPS 1 1/2,PN63-100,Plain,2 13/16,40i,000261,FCVCAD000261,,,,,,
NPS 1 1/2,PN63-100,Plain,2 13/16,45i,000262,FCVCAD000262,,,,,,
NPS 1 1/2,PN63-100,Plain,2 13/16,46i,000263,FCVCAD000263,,,,,,
NPS 1 1/2,PN63-100,Ext 1,2 13/16,40i,000264,FCVCAD000264,,,,,,
NPS 1 1/2,PN63-100,Ext 1,2 13/16,45i,000265,FCVCAD000265,,,,,,
NPS 1 1/2,PN63-100,Ext 1,2 13/16,46i,000266,FCVCAD000266,,,,,,
NPS 1 1/2,PN63-100,Plain,3 9/16,50i,000267,FCVCAD000267,,,,,,
NPS 1 1/2,PN63-100,Plain,3 9/16,60i,000268,FCVCAD000268,,,,,,
NPS 1 1/2,PN63-100,Plain,3 9/16,70i,000269,FCVCAD000269,,,,,,
NPS 1 1/2,PN63-100,Plain,3 9/16,76i,000270,FCVCAD000270,,,,,,
NPS 1 1/2,PN63-100,Ext 1,3 9/16,50i,000271,FCVCAD000271,,,,,,
NPS 1 1/2,PN63-100,Ext 1,3 9/16,60i,000272,FCVCAD000272,,,,,,
NPS 1 1/2,PN63-100,Ext 1,3 9/16,70i,000273,FCVCAD000273,,,,,,
NPS 1 1/2,PN63-100,Ext 1,3 9/16,76i,000274,FCVCAD000274,,,,,,
NPS 2,CL150 RF,Plain,2 13/16,40i,000275,FCVCAD000275,,,,,,
NPS 2,CL150 RF,Plain,2 13/16,45i,000276,FCVCAD000276,,,,,,
NPS 2,CL150 RF,Plain,2 13/16,46i,000277,FCVCAD000277,,,,,,
NPS 2,CL150 RF,Ext 1,2 13/16,40i,000278,FCVCAD000278,,,,,,
NPS 2,CL150 RF,Ext 1,2 13/16,45i,000279,FCVCAD000279,,,,,,
NPS 2,CL150 RF,Ext 1,2 13/16,46i,000280,FCVCAD000280,,,,,,
NPS 2,CL150 RF,Plain,3 9/16,50i,000281,FCVCAD000281,,,,,,
NPS 2,CL150 RF,Plain,3 9/16,60i,000282,FCVCAD000282,,,,,,
NPS 2,CL150 RF,Plain,3 9/16,70i,000283,FCVCAD000283,,,,,,
NPS 2,CL150 RF,Plain,3 9/16,76i,000284,FCVCAD000284,,,,,,
NPS 2,CL150 RF,Ext 1,3 9/16,50i,000285,FCVCAD000285,,,,,,
NPS 2,CL150 RF,Ext 1,3 9/16,60i,000286,FCVCAD000286,,,,,,
NPS 2,CL150 RF,Ext 1,3 9/16,70i,000287,FCVCAD000287,,,,,,
NPS 2,CL150 RF,Ext 1,3 9/16,76i,000288,FCVCAD000288,,,,,,
NPS 2,CL150 RF,Plain,5,80,000289,FCVCAD000289,,,,,,
NPS 2,CL150 RF,Plain,5,87,000290,FCVCAD000290,,,,,,
NPS 2,CL150 RTJ,Plain,2 13/16,40i,000291,FCVCAD000291,,,,,,
NPS 2,CL150 RTJ,Plain,2 13/16,45i,000292,FCVCAD000292,,,,,,
NPS 2,CL150 RTJ,Plain,2 13/16,46i,000293,FCVCAD000293,,,,,,
NPS 2,CL150 RTJ,Ext 1,2 13/16,40i,000294,FCVCAD000294,,,,,,
NPS 2,CL150 RTJ,Ext 1,2 13/16,45i,000295,FCVCAD000295,,,,,,
NPS 2,CL150 RTJ,Ext 1,2 13/16,46i,000296,FCVCAD000296,,,,,,
NPS 2,CL150 RTJ,Plain,3 9/16,50i,000297,FCVCAD000297,,,,,,
NPS 2,CL150 RTJ,Plain,3 9/16,60i,000298,FCVCAD000298,,,,,,
NPS 2,CL150 RTJ,Plain,3 9/16,70i,000299,FCVCAD000299,,,,,,
NPS 2,CL150 RTJ,Plain,3 9/16,76i,000300,FCVCAD000300,,,,,,
NPS 2,CL150 RTJ,Ext 1,3 9/16,50i,000301,FCVCAD000301,,,,,,
NPS 2,CL150 RTJ,Ext 1,3 9/16,60i,000302,FCVCAD000302,,,,,,
NPS 2,CL150 RTJ,Ext 1,3 9/16,70i,000303,FCVCAD000303,,,,,,
NPS 2,CL150 RTJ,Ext 1,3 9/16,76i,000304,FCVCAD000304,,,,,,
NPS 2,CL150 RTJ,Plain,5,80,000305,FCVCAD000305,,,,,,
NPS 2,CL150 RTJ,Plain,5,87,000306,FCVCAD000306,,,,,,
NPS 2,CL300 RF,Plain,2 13/16,40i,000307,FCVCAD000307,,,,,,
NPS 2,CL300 RF,Plain,2 13/16,45i,000308,FCVCAD000308,,,,,,
NPS 2,CL300 RF,Plain,2 13/16,46i,000309,FCVCAD000309,,,,,,
NPS 2,CL300 RF,Ext 1,2 13/16,40i,000310,FCVCAD000310,,,,,,
NPS 2,CL300 RF,Ext 1,2 13/16,45i,000311,FCVCAD000311,,,,,,
NPS 2,CL300 RF,Ext 1,2 13/16,46i,000312,FCVCAD000312,,,,,,
NPS 2,CL300 RF,Plain,3 9/16,50i,000313,FCVCAD000313,,,,,,
NPS 2,CL300 RF,Plain,3 9/16,60i,000314,FCVCAD000314,,,,,,
NPS 2,CL300 RF,Plain,3 9/16,70i,000315,FCVCAD000315,,,,,,
NPS 2,CL300 RF,Plain,3 9/16,76i,000316,FCVCAD000316,,,,,,
NPS 2,CL300 RF,Ext 1,3 9/16,50i,000317,FCVCAD000317,,,,,,
NPS 2,CL300 RF,Ext 1,3 9/16,60i,000318,FCVCAD000318,,,,,,
NPS 2,CL300 RF,Ext 1,3 9/16,70i,000319,FCVCAD000319,,,,,,
NPS 2,CL300 RF,Ext 1,3 9/16,76i,000320,FCVCAD000320,,,,,,
NPS 2,CL300 RF,Plain,5,80,000321,FCVCAD000321,,,,,,
NPS 2,CL300 RF,Plain,5,87,000322,FCVCAD000322,,,,,,
NPS 2,CL300 RTJ,Plain,2 13/16,40i,000323,FCVCAD000323,,,,,,
NPS 2,CL300 RTJ,Plain,2 13/16,45i,000324,FCVCAD000324,,,,,,
NPS 2,CL300 RTJ,Plain,2 13/16,46i,000325,FCVCAD000325,,,,,,
NPS 2,CL300 RTJ,Ext 1,2 13/16,40i,000326,FCVCAD000326,,,,,,
NPS 2,CL300 RTJ,Ext 1,2 13/16,45i,000327,FCVCAD000327,,,,,,
NPS 2,CL300 RTJ,Ext 1,2 13/16,46i,000328,FCVCAD000328,,,,,,
NPS 2,CL300 RTJ,Plain,3 9/16,50i,000329,FCVCAD000329,,,,,,
NPS 2,CL300 RTJ,Plain,3 9/16,60i,000330,FCVCAD000330,,,,,,
NPS 2,CL300 RTJ,Plain,3 9/16,70i,000331,FCVCAD000331,,,,,,
NPS 2,CL300 RTJ,Plain,3 9/16,76i,000332,FCVCAD000332,,,,,,
NPS 2,CL300 RTJ,Ext 1,3 9/16,50i,000333,FCVCAD000333,,,,,,
NPS 2,CL300 RTJ,Ext 1,3 9/16,60i,000334,FCVCAD000334,,,,,,
NPS 2,CL300 RTJ,Ext 1,3 9/16,70i,000335,FCVCAD000335,,,,,,
NPS 2,CL300 RTJ,Ext 1,3 9/16,76i,000336,FCVCAD000336,,,,,,
NPS 2,CL300 RTJ,Plain,5,80,000337,FCVCAD000337,,,,,,
NPS 2,CL300 RTJ,Plain,5,87,000338,FCVCAD000338,,,,,,
NPS 2,CL600 RF,Plain,2 13/16,40i,000339,FCVCAD000339,,,,,,
NPS 2,CL600 RF,Plain,2 13/16,45i,000340,FCVCAD000340,,,,,,
NPS 2,CL600 RF,Plain,2 13/16,46i,000341,FCVCAD000341,,,,,,
NPS 2,CL600 RF,Ext 1,2 13/16,40i,000342,FCVCAD000342,,,,,,
NPS 2,CL600 RF,Ext 1,2 13/16,45i,000343,FCVCAD000343,,,,,,
NPS 2,CL600 RF,Ext 1,2 13/16,46i,000344,FCVCAD000344,,,,,,
NPS 2,CL600 RF,Plain,3 9/16,50i,000345,FCVCAD000345,,,,,,
NPS 2,CL600 RF,Plain,3 9/16,60i,000346,FCVCAD000346,,,,,,
NPS 2,CL600 RF,Plain,3 9/16,70i,000347,FCVCAD000347,,,,,,
NPS 2,CL600 RF,Plain,3 9/16,76i,000348,FCVCAD000348,,,,,,
NPS 2,CL600 RF,Ext 1,3 9/16,50i,000349,FCVCAD000349,,,,,,
NPS 2,CL600 RF,Ext 1,3 9/16,60i,000350,FCVCAD000350,,,,,,
NPS 2,CL600 RF,Ext 1,3 9/16,70i,000351,FCVCAD000351,,,,,,
NPS 2,CL600 RF,Ext 1,3 9/16,76i,000352,FCVCAD000352,,,,,,
NPS 2,CL600 RF,Plain,5,80,000353,FCVCAD000353,,,,,,
NPS 2,CL600 RF,Plain,5,87,000354,FCVCAD000354,,,,,,
NPS 2,CL600 RTJ,Plain,2 13/16,40i,000355,FCVCAD000355,,,,,,
NPS 2,CL600 RTJ,Plain,2 13/16,45i,000356,FCVCAD000356,,,,,,
NPS 2,CL600 RTJ,Plain,2 13/16,46i,000357,FCVCAD000357,,,,,,
NPS 2,CL600 RTJ,Ext 1,2 13/16,40i,000358,FCVCAD000358,,,,,,
NPS 2,CL600 RTJ,Ext 1,2 13/16,45i,000359,FCVCAD000359,,,,,,
NPS 2,CL600 RTJ,Ext 1,2 13/16,46i,000360,FCVCAD000360,,,,,,
NPS 2,CL600 RTJ,Plain,3 9/16,50i,000361,FCVCAD000361,,,,,,
NPS 2,CL600 RTJ,Plain,3 9/16,60i,000362,FCVCAD000362,,,,,,
NPS 2,CL600 RTJ,Plain,3 9/16,70i,000363,FCVCAD000363,,,,,,
NPS 2,CL600 RTJ,Plain,3 9/16,76i,000364,FCVCAD000364,,,,,,
NPS 2,CL600 RTJ,Ext 1,3 9/16,50i,000365,FCVCAD000365,,,,,,
NPS 2,CL600 RTJ,Ext 1,3 9/16,60i,000366,FCVCAD000366,,,,,,
NPS 2,CL600 RTJ,Ext 1,3 9/16,70i,000367,FCVCAD000367,,,,,,
NPS 2,CL600 RTJ,Ext 1,3 9/16,76i,000368,FCVCAD000368,,,,,,
NPS 2,CL600 RTJ,Plain,5,80,000369,FCVCAD000369,,,,,,
NPS 2,CL600 RTJ,Plain,5,87,000370,FCVCAD000370,,,,,,
NPS 2,BWE,Plain,2 13/16,40i,000371,FCVCAD000371,,,,,,
NPS 2,BWE,Plain,2 13/16,45i,000372,FCVCAD000372,,,,,,
NPS 2,BWE,Plain,2 13/16,46i,000373,FCVCAD000373,,,,,,
NPS 2,BWE,Ext 1,2 13/16,40i,000374,FCVCAD000374,,,,,,
NPS 2,BWE,Ext 1,2 13/16,45i,000375,FCVCAD000375,,,,,,
NPS 2,BWE,Ext 1,2 13/16,46i,000376,FCVCAD000376,,,,,,
NPS 2,BWE,Plain,3 9/16,50i,000377,FCVCAD000377,,,,,,
NPS 2,BWE,Plain,3 9/16,60i,000378,FCVCAD000378,,,,,,
NPS 2,BWE,Plain,3 9/16,70i,000379,FCVCAD000379,,,,,,
NPS 2,BWE,Plain,3 9/16,76i,000380,FCVCAD000380,,,,,,
NPS 2,BWE,Ext 1,3 9/16,50i,000381,FCVCAD000381,,,,,,
NPS 2,BWE,Ext 1,3 9/16,60i,000382,FCVCAD000382,,,,,,
NPS 2,BWE,Ext 1,3 9/16,70i,000383,FCVCAD000383,,,,,,
NPS 2,BWE,Ext 1,3 9/16,76i,000384,FCVCAD000384,,,,,,
NPS 2,BWE,Plain,5,80,000385,FCVCAD000385,,,,,,
NPS 2,BWE,Plain,5,87,000386,FCVCAD000386,,,,,,
NPS 2,PN16-40,Plain,2 13/16,40i,000387,FCVCAD000387,,,,,,
NPS 2,PN16-40,Plain,2 13/16,45i,000388,FCVCAD000388,,,,,,
NPS 2,PN16-40,Plain,2 13/16,46i,000389,FCVCAD000389,,,,,,
NPS 2,PN16-40,Ext 1,2 13/16,40i,000390,FCVCAD000390,,,,,,
NPS 2,PN16-40,Ext 1,2 13/16,45i,000391,FCVCAD000391,,,,,,
NPS 2,PN16-40,Ext 1,2 13/16,46i,000392,FCVCAD000392,,,,,,
NPS 2,PN16-40,Plain,3 9/16,50i,000393,FCVCAD000393,,,,,,
NPS 2,PN16-40,Plain,3 9/16,60i,000394,FCVCAD000394,,,,,,
NPS 2,PN16-40,Plain,3 9/16,70i,000395,FCVCAD000395,,,,,,
NPS 2,PN16-40,Plain,3 9/16,76i,000396,FCVCAD000396,,,,,,
NPS 2,PN16-40,Ext 1,3 9/16,50i,000397,FCVCAD000397,,,,,,
NPS 2,PN16-40,Ext 1,3 9/16,60i,000398,FCVCAD000398,,,,,,
NPS 2,PN16-40,Ext 1,3 9/16,70i,000399,FCVCAD000399,,,,,,
NPS 2,PN16-40,Ext 1,3 9/16,76i,000400,FCVCAD000400,,,,,,
NPS 2,PN16-40,Plain,5,80,000401,FCVCAD000401,,,,,,
NPS 2,PN16-40,Plain,5,87,000402,FCVCAD000402,,,,,,
NPS 2,PN63,Plain,2 13/16,40i,000403,FCVCAD000403,,,,,,
NPS 2,PN63,Plain,2 13/16,45i,000404,FCVCAD000404,,,,,,
NPS 2,PN63,Plain,2 13/16,46i,000405,FCVCAD000405,,,,,,
NPS 2,PN63,Ext 1,2 13/16,40i,000406,FCVCAD000406,,,,,,
NPS 2,PN63,Ext 1,2 13/16,45i,000407,FCVCAD000407,,,,,,
NPS 2,PN63,Ext 1,2 13/16,46i,000408,FCVCAD000408,,,,,,
NPS 2,PN63,Plain,3 9/16,50i,000409,FCVCAD000409,,,,,,
NPS 2,PN63,Plain,3 9/16,60i,000410,FCVCAD000410,,,,,,
NPS 2,PN63,Plain,3 9/16,70i,000411,FCVCAD000411,,,,,,
NPS 2,PN63,Plain,3 9/16,76i,000412,FCVCAD000412,,,,,,
NPS 2,PN63,Ext 1,3 9/16,50i,000413,FCVCAD000413,,,,,,
NPS 2,PN63,Ext 1,3 9/16,60i,000414,FCVCAD000414,,,,,,
NPS 2,PN63,Ext 1,3 9/16,70i,000415,FCVCAD000415,,,,,,
NPS 2,PN63,Ext 1,3 9/16,76i,000416,FCVCAD000416,,,,,,
NPS 2,PN63,Plain,5,80,000417,FCVCAD000417,,,,,,
NPS 2,PN63,Plain,5,87,000418,FCVCAD000418,,,,,,
NPS 2,PN100,Plain,2 13/16,40i,000419,FCVCAD000419,,,,,,
NPS 2,PN100,Plain,2 13/16,45i,000420,FCVCAD000420,,,,,,
NPS 2,PN100,Plain,2 13/16,46i,000421,FCVCAD000421,,,,,,
NPS 2,PN100,Ext 1,2 13/16,40i,000422,FCVCAD000422,,,,,,
NPS 2,PN100,Ext 1,2 13/16,45i,000423,FCVCAD000423,,,,,,
NPS 2,PN100,Ext 1,2 13/16,46i,000424,FCVCAD000424,,,,,,
NPS 2,PN100,Plain,3 9/16,50i,000425,FCVCAD000425,,,,,,
NPS 2,PN100,Plain,3 9/16,60i,000426,FCVCAD000426,,,,,,
NPS 2,PN100,Plain,3 9/16,70i,000427,FCVCAD000427,,,,,,
NPS 2,PN100,Plain,3 9/16,76i,000428,FCVCAD000428,,,,,,
NPS 2,PN100,Ext 1,3 9/16,50i,000429,FCVCAD000429,,,,,,
NPS 2,PN100,Ext 1,3 9/16,60i,000430,FCVCAD000430,,,,,,
NPS 2,PN100,Ext 1,3 9/16,70i,000431,FCVCAD000431,,,,,,
NPS 2,PN100,Ext 1,3 9/16,76i,000432,FCVCAD000432,,,,,,
NPS 2,PN100,Plain,5,80,000433,FCVCAD000433,,,,,,
NPS 2,PN100,Plain,5,87,000434,FCVCAD000434,,,,,,
NPS 2 1/2,CL150 RF,Plain,2 13/16,40i,000435,FCVCAD000435,,,,,,
NPS 2 1/2,CL150 RF,Plain,2 13/16,45i,000436,FCVCAD000436,,,,,,
NPS 2 1/2,CL150 RF,Plain,2 13/16,46i,000437,FCVCAD000437,,,,,,
NPS 2 1/2,CL150 RF,Ext 1,2 13/16,40i,000438,FCVCAD000438,,,,,,
NPS 2 1/2,CL150 RF,Ext 1,2 13/16,45i,000439,FCVCAD000439,,,,,,
NPS 2 1/2,CL150 RF,Ext 1,2 13/16,46i,000440,FCVCAD000440,,,,,,
NPS 2 1/2,CL150 RF,Plain,3 9/16,50i,000441,FCVCAD000441,,,,,,
NPS 2 1/2,CL150 RF,Plain,3 9/16,60i,000442,FCVCAD000442,,,,,,
NPS 2 1/2,CL150 RF,Plain,3 9/16,70i,000443,FCVCAD000443,,,,,,
NPS 2 1/2,CL150 RF,Plain,3 9/16,76i,000444,FCVCAD000444,,,,,,
NPS 2 1/2,CL150 RF,Ext 1,3 9/16,50i,000445,FCVCAD000445,,,,,,
NPS 2 1/2,CL150 RF,Ext 1,3 9/16,60i,000446,FCVCAD000446,,,,,,
NPS 2 1/2,CL150 RF,Ext 1,3 9/16,70i,000447,FCVCAD000447,,,,,,
NPS 2 1/2,CL150 RF,Ext 1,3 9/16,76i,000448,FCVCAD000448,,,,,,
NPS 2 1/2,CL150 RF,Ext 1,5,80,000449,FCVCAD000449,,,,,,
NPS 2 1/2,CL150 RF,Ext 1,5,87,000450,FCVCAD000450,,,,,,
NPS 2 1/2,CL150 RTJ,Plain,2 13/16,40i,000451,FCVCAD000451,,,,,,
NPS 2 1/2,CL150 RTJ,Plain,2 13/16,45i,000452,FCVCAD000452,,,,,,
NPS 2 1/2,CL150 RTJ,Plain,2 13/16,46i,000453,FCVCAD000453,,,,,,
NPS 2 1/2,CL150 RTJ,Ext 1,2 13/16,40i,000454,FCVCAD000454,,,,,,
NPS 2 1/2,CL150 RTJ,Ext 1,2 13/16,45i,000455,FCVCAD000455,,,,,,
NPS 2 1/2,CL150 RTJ,Ext 1,2 13/16,46i,000456,FCVCAD000456,,,,,,
NPS 2 1/2,CL150 RTJ,Plain,3 9/16,50i,000457,FCVCAD000457,,,,,,
NPS 2 1/2,CL150 RTJ,Plain,3 9/16,60i,000458,FCVCAD000458,,,,,,
NPS 2 1/2,CL150 RTJ,Plain,3 9/16,70i,000459,FCVCAD000459,,,,,,
NPS 2 1/2,CL150 RTJ,Plain,3 9/16,76i,000460,FCVCAD000460,,,,,,
NPS 2 1/2,CL150 RTJ,Ext 1,3 9/16,50i,000461,FCVCAD000461,,,,,,
NPS 2 1/2,CL150 RTJ,Ext 1,3 9/16,60i,000462,FCVCAD000462,,,,,,
NPS 2 1/2,CL150 RTJ,Ext 1,3 9/16,70i,000463,FCVCAD000463,,,,,,
NPS 2 1/2,CL150 RTJ,Ext 1,3 9/16,76i,000464,FCVCAD000464,,,,,,
NPS 2 1/2,CL150 RTJ,Ext 1,5,80,000465,FCVCAD000465,,,,,,
NPS 2 1/2,CL150 RTJ,Ext 1,5,87,000466,FCVCAD000466,,,,,,
NPS 2 1/2,CL300 RF,Plain,2 13/16,40i,000467,FCVCAD000467,,,,,,
NPS 2 1/2,CL300 RF,Plain,2 13/16,45i,000468,FCVCAD000468,,,,,,
NPS 2 1/2,CL300 RF,Plain,2 13/16,46i,000469,FCVCAD000469,,,,,,
NPS 2 1/2,CL300 RF,Ext 1,2 13/16,40i,000470,FCVCAD000470,,,,,,
NPS 2 1/2,CL300 RF,Ext 1,2 13/16,45i,000471,FCVCAD000471,,,,,,
NPS 2 1/2,CL300 RF,Ext 1,2 13/16,46i,000472,FCVCAD000472,,,,,,
NPS 2 1/2,CL300 RF,Plain,3 9/16,50i,000473,FCVCAD000473,,,,,,
NPS 2 1/2,CL300 RF,Plain,3 9/16,60i,000474,FCVCAD000474,,,,,,
NPS 2 1/2,CL300 RF,Plain,3 9/16,70i,000475,FCVCAD000475,,,,,,
NPS 2 1/2,CL300 RF,Plain,3 9/16,76i,000476,FCVCAD000476,,,,,,
NPS 2 1/2,CL300 RF,Ext 1,3 9/16,50i,000477,FCVCAD000477,,,,,,
NPS 2 1/2,CL300 RF,Ext 1,3 9/16,60i,000478,FCVCAD000478,,,,,,
NPS 2 1/2,CL300 RF,Ext 1,3 9/16,70i,000479,FCVCAD000479,,,,,,
NPS 2 1/2,CL300 RF,Ext 1,3 9/16,76i,000480,FCVCAD000480,,,,,,
NPS 2 1/2,CL300 RF,Ext 1,5,80,000481,FCVCAD000481,,,,,,
NPS 2 1/2,CL300 RF,Ext 1,5,87,000482,FCVCAD000482,,,,,,
NPS 2 1/2,CL300 RTJ,Plain,2 13/16,40i,000483,FCVCAD000483,,,,,,
NPS 2 1/2,CL300 RTJ,Plain,2 13/16,45i,000484,FCVCAD000484,,,,,,
NPS 2 1/2,CL300 RTJ,Plain,2 13/16,46i,000485,FCVCAD000485,,,,,,
NPS 2 1/2,CL300 RTJ,Ext 1,2 13/16,40i,000486,FCVCAD000486,,,,,,
NPS 2 1/2,CL300 RTJ,Ext 1,2 13/16,45i,000487,FCVCAD000487,,,,,,
NPS 2 1/2,CL300 RTJ,Ext 1,2 13/16,46i,000488,FCVCAD000488,,,,,,
NPS 2 1/2,CL300 RTJ,Plain,3 9/16,50i,000489,FCVCAD000489,,,,,,
NPS 2 1/2,CL300 RTJ,Plain,3 9/16,60i,000490,FCVCAD000490,,,,,,
NPS 2 1/2,CL300 RTJ,Plain,3 9/16,70i,000491,FCVCAD000491,,,,,,
NPS 2 1/2,CL300 RTJ,Plain,3 9/16,76i,000492,FCVCAD000492,,,,,,
NPS 2 1/2,CL300 RTJ,Ext 1,3 9/16,50i,000493,FCVCAD000493,,,,,,
NPS 2 1/2,CL300 RTJ,Ext 1,3 9/16,60i,000494,FCVCAD000494,,,,,,
NPS 2 1/2,CL300 RTJ,Ext 1,3 9/16,70i,000495,FCVCAD000495,,,,,,
NPS 2 1/2,CL300 RTJ,Ext 1,3 9/16,76i,000496,FCVCAD000496,,,,,,
NPS 2 1/2,CL300 RTJ,Ext 1,5,80,000497,FCVCAD000497,,,,,,
NPS 2 1/2,CL300 RTJ,Ext 1,5,87,000498,FCVCAD000498,,,,,,
NPS 2 1/2,CL600 RF,Plain,2 13/16,40i,000499,FCVCAD000499,,,,,,
NPS 2 1/2,CL600 RF,Plain,2 13/16,45i,000500,FCVCAD000500,,,,,,
NPS 2 1/2,CL600 RF,Plain,2 13/16,46i,000501,FCVCAD000501,,,,,,
NPS 2 1/2,CL600 RF,Ext 1,2 13/16,40i,000502,FCVCAD000502,,,,,,
NPS 2 1/2,CL600 RF,Ext 1,2 13/16,45i,000503,FCVCAD000503,,,,,,
NPS 2 1/2,CL600 RF,Ext 1,2 13/16,46i,000504,FCVCAD000504,,,,,,
NPS 2 1/2,CL600 RF,Plain,3 9/16,50i,000505,FCVCAD000505,,,,,,
NPS 2 1/2,CL600 RF,Plain,3 9/16,60i,000506,FCVCAD000506,,,,,,
NPS 2 1/2,CL600 RF,Plain,3 9/16,70i,000507,FCVCAD000507,,,,,,
NPS 2 1/2,CL600 RF,Plain,3 9/16,76i,000508,FCVCAD000508,,,,,,
NPS 2 1/2,CL600 RF,Ext 1,3 9/16,50i,000509,FCVCAD000509,,,,,,
NPS 2 1/2,CL600 RF,Ext 1,3 9/16,60i,000510,FCVCAD000510,,,,,,
NPS 2 1/2,CL600 RF,Ext 1,3 9/16,70i,000511,FCVCAD000511,,,,,,
NPS 2 1/2,CL600 RF,Ext 1,3 9/16,76i,000512,FCVCAD000512,,,,,,
NPS 2 1/2,CL600 RF,Ext 1,5,80,000513,FCVCAD000513,,,,,,
NPS 2 1/2,CL600 RF,Ext 1,5,87,000514,FCVCAD000514,,,,,,
NPS 2 1/2,CL600 RTJ,Plain,2 13/16,40i,000515,FCVCAD000515,,,,,,
NPS 2 1/2,CL600 RTJ,Plain,2 13/16,45i,000516,FCVCAD000516,,,,,,
NPS 2 1/2,CL600 RTJ,Plain,2 13/16,46i,000517,FCVCAD000517,,,,,,
NPS 2 1/2,CL600 RTJ,Ext 1,2 13/16,40i,000518,FCVCAD000518,,,,,,
NPS 2 1/2,CL600 RTJ,Ext 1,2 13/16,45i,000519,FCVCAD000519,,,,,,
NPS 2 1/2,CL600 RTJ,Ext 1,2 13/16,46i,000520,FCVCAD000520,,,,,,
NPS 2 1/2,CL600 RTJ,Plain,3 9/16,50i,000521,FCVCAD000521,,,,,,
NPS 2 1/2,CL600 RTJ,Plain,3 9/16,60i,000522,FCVCAD000522,,,,,,
NPS 2 1/2,CL600 RTJ,Plain,3 9/16,70i,000523,FCVCAD000523,,,,,,
NPS 2 1/2,CL600 RTJ,Plain,3 9/16,76i,000524,FCVCAD000524,,,,,,
NPS 2 1/2,CL600 RTJ,Ext 1,3 9/16,50i,000525,FCVCAD000525,,,,,,
NPS 2 1/2,CL600 RTJ,Ext 1,3 9/16,60i,000526,FCVCAD000526,,,,,,
NPS 2 1/2,CL600 RTJ,Ext 1,3 9/16,70i,000527,FCVCAD000527,,,,,,
NPS 2 1/2,CL600 RTJ,Ext 1,3 9/16,76i,000528,FCVCAD000528,,,,,,
NPS 2 1/2,CL600 RTJ,Ext 1,5,80,000529,FCVCAD000529,,,,,,
NPS 2 1/2,CL600 RTJ,Ext 1,5,87,000530,FCVCAD000530,,,,,,
NPS 2 1/2,BWE,Plain,2 13/16,40i,000531,FCVCAD000531,,,,,,
NPS 2 1/2,BWE,Plain,2 13/16,45i,000532,FCVCAD000532,,,,,,
NPS 2 1/2,BWE,Plain,2 13/16,46i,000533,FCVCAD000533,,,,,,
NPS 2 1/2,BWE,Ext 1,2 13/16,40i,000534,FCVCAD000534,,,,,,
NPS 2 1/2,BWE,Ext 1,2 13/16,45i,000535,FCVCAD000535,,,,,,
NPS 2 1/2,BWE,Ext 1,2 13/16,46i,000536,FCVCAD000536,,,,,,
NPS 2 1/2,BWE,Plain,3 9/16,50i,000537,FCVCAD000537,,,,,,
NPS 2 1/2,BWE,Plain,3 9/16,60i,000538,FCVCAD000538,,,,,,
NPS 2 1/2,BWE,Plain,3 9/16,70i,000539,FCVCAD000539,,,,,,
NPS 2 1/2,BWE,Plain,3 9/16,76i,000540,FCVCAD000540,,,,,,
NPS 2 1/2,BWE,Ext 1,3 9/16,50i,000541,FCVCAD000541,,,,,,
NPS 2 1/2,BWE,Ext 1,3 9/16,60i,000542,FCVCAD000542,,,,,,
NPS 2 1/2,BWE,Ext 1,3 9/16,70i,000543,FCVCAD000543,,,,,,
NPS 2 1/2,BWE,Ext 1,3 9/16,76i,000544,FCVCAD000544,,,,,,
NPS 2 1/2,BWE,Ext 1,5,80,000545,FCVCAD000545,,,,,,
NPS 2 1/2,BWE,Ext 1,5,87,000546,FCVCAD000546,,,,,,
NPS 2 1/2,PN10-16,Plain,2 13/16,40i,000547,FCVCAD000547,,,,,,
NPS 2 1/2,PN10-16,Plain,2 13/16,45i,000548,FCVCAD000548,,,,,,
NPS 2 1/2,PN10-16,Plain,2 13/16,46i,000549,FCVCAD000549,,,,,,
NPS 2 1/2,PN10-16,Ext 1,2 13/16,40i,000550,FCVCAD000550,,,,,,
NPS 2 1/2,PN10-16,Ext 1,2 13/16,45i,000551,FCVCAD000551,,,,,,
NPS 2 1/2,PN10-16,Ext 1,2 13/16,46i,000552,FCVCAD000552,,,,,,
NPS 2 1/2,PN10-16,Plain,3 9/16,50i,000553,FCVCAD000553,,,,,,
NPS 2 1/2,PN10-16,Plain,3 9/16,60i,000554,FCVCAD000554,,,,,,
NPS 2 1/2,PN10-16,Plain,3 9/16,70i,000555,FCVCAD000555,,,,,,
NPS 2 1/2,PN10-16,Plain,3 9/16,76i,000556,FCVCAD000556,,,,,,
NPS 2 1/2,PN10-16,Ext 1,3 9/16,50i,000557,FCVCAD000557,,,,,,
NPS 2 1/2,PN10-16,Ext 1,3 9/16,60i,000558,FCVCAD000558,,,,,,
NPS 2 1/2,PN10-16,Ext 1,3 9/16,70i,000559,FCVCAD000559,,,,,,
NPS 2 1/2,PN10-16,Ext 1,3 9/16,76i,000560,FCVCAD000560,,,,,,
NPS 2 1/2,PN10-16,Ext 1,5,80,000561,FCVCAD000561,,,,,,
NPS 2 1/2,PN10-16,Ext 1,5,87,000562,FCVCAD000562,,,,,,
NPS 2 1/2,PN25-40,Plain,2 13/16,40i,000563,FCVCAD000563,,,,,,
NPS 2 1/2,PN25-40,Plain,2 13/16,45i,000564,FCVCAD000564,,,,,,
NPS 2 1/2,PN25-40,Plain,2 13/16,46i,000565,FCVCAD000565,,,,,,
NPS 2 1/2,PN25-40,Ext 1,2 13/16,40i,000566,FCVCAD000566,,,,,,
NPS 2 1/2,PN25-40,Ext 1,2 13/16,45i,000567,FCVCAD000567,,,,,,
NPS 2 1/2,PN25-40,Ext 1,2 13/16,46i,000568,FCVCAD000568,,,,,,
NPS 2 1/2,PN25-40,Plain,3 9/16,50i,000569,FCVCAD000569,,,,,,
NPS 2 1/2,PN25-40,Plain,3 9/16,60i,000570,FCVCAD000570,,,,,,
NPS 2 1/2,PN25-40,Plain,3 9/16,70i,000571,FCVCAD000571,,,,,,
NPS 2 1/2,PN25-40,Plain,3 9/16,76i,000572,FCVCAD000572,,,,,,
NPS 2 1/2,PN25-40,Ext 1,3 9/16,50i,000573,FCVCAD000573,,,,,,
NPS 2 1/2,PN25-40,Ext 1,3 9/16,60i,000574,FCVCAD000574,,,,,,
NPS 2 1/2,PN25-40,Ext 1,3 9/16,70i,000575,FCVCAD000575,,,,,,
NPS 2 1/2,PN25-40,Ext 1,3 9/16,76i,000576,FCVCAD000576,,,,,,
NPS 2 1/2,PN25-40,Ext 1,5,80,000577,FCVCAD000577,,,,,,
NPS 2 1/2,PN25-40,Ext 1,5,87,000578,FCVCAD000578,,,,,,
NPS 2 1/2,PN63,Plain,2 13/16,40i,000579,FCVCAD000579,,,,,,
NPS 2 1/2,PN63,Plain,2 13/16,45i,000580,FCVCAD000580,,,,,,
NPS 2 1/2,PN63,Plain,2 13/16,46i,000581,FCVCAD000581,,,,,,
NPS 2 1/2,PN63,Ext 1,2 13/16,40i,000582,FCVCAD000582,,,,,,
NPS 2 1/2,PN63,Ext 1,2 13/16,45i,000583,FCVCAD000583,,,,,,
NPS 2 1/2,PN63,Ext 1,2 13/16,46i,000584,FCVCAD000584,,,,,,
NPS 2 1/2,PN63,Plain,3 9/16,50i,000585,FCVCAD000585,,,,,,
NPS 2 1/2,PN63,Plain,3 9/16,60i,000586,FCVCAD000586,,,,,,
NPS 2 1/2,PN63,Plain,3 9/16,70i,000587,FCVCAD000587,,,,,,
NPS 2 1/2,PN63,Plain,3 9/16,76i,000588,FCVCAD000588,,,,,,
NPS 2 1/2,PN63,Ext 1,3 9/16,50i,000589,FCVCAD000589,,,,,,
NPS 2 1/2,PN63,Ext 1,3 9/16,60i,000590,FCVCAD000590,,,,,,
NPS 2 1/2,PN63,Ext 1,3 9/16,70i,000591,FCVCAD000591,,,,,,
NPS 2 1/2,PN63,Ext 1,3 9/16,76i,000592,FCVCAD000592,,,,,,
NPS 2 1/2,PN63,Ext 1,5,80,000593,FCVCAD000593,,,,,,
NPS 2 1/2,PN63,Ext 1,5,87,000594,FCVCAD000594,,,,,,
NPS 2 1/2,PN100,Plain,2 13/16,40i,000595,FCVCAD000595,,,,,,
NPS 2 1/2,PN100,Plain,2 13/16,45i,000596,FCVCAD000596,,,,,,
NPS 2 1/2,PN100,Plain,2 13/16,46i,000597,FCVCAD000597,,,,,,
NPS 2 1/2,PN100,Ext 1,2 13/16,40i,000598,FCVCAD000598,,,,,,
NPS 2 1/2,PN100,Ext 1,2 13/16,45i,000599,FCVCAD000599,,,,,,
NPS 2 1/2,PN100,Ext 1,2 13/16,46i,000600,FCVCAD000600,,,,,,
NPS 2 1/2,PN100,Plain,3 9/16,50i,000601,FCVCAD000601,,,,,,
NPS 2 1/2,PN100,Plain,3 9/16,60i,000602,FCVCAD000602,,,,,,
NPS 2 1/2,PN100,Plain,3 9/16,70i,000603,FCVCAD000603,,,,,,
NPS 2 1/2,PN100,Plain,3 9/16,76i,000604,FCVCAD000604,,,,,,
NPS 2 1/2,PN100,Ext 1,3 9/16,50i,000605,FCVCAD000605,,,,,,
NPS 2 1/2,PN100,Ext 1,3 9/16,60i,000606,FCVCAD000606,,,,,,
NPS 2 1/2,PN100,Ext 1,3 9/16,70i,000607,FCVCAD000607,,,,,,
NPS 2 1/2,PN100,Ext 1,3 9/16,76i,000608,FCVCAD000608,,,,,,
NPS 2 1/2,PN100,Ext 1,5,80,000609,FCVCAD000609,,,,,,
NPS 2 1/2,PN100,Ext 1,5,87,000610,FCVCAD000610,,,,,,
NPS 3,CL150 RF,Plain,2 13/16,40i,000611,FCVCAD000611,,,,,,
NPS 3,CL150 RF,Plain,2 13/16,45i,000612,FCVCAD000612,,,,,,
NPS 3,CL150 RF,Plain,2 13/16,46i,000613,FCVCAD000613,,,,,,
NPS 3,CL150 RF,Ext 1,2 13/16,40i,000614,FCVCAD000614,,,,,,
NPS 3,CL150 RF,Ext 1,2 13/16,45i,000615,FCVCAD000615,,,,,,
NPS 3,CL150 RF,Ext 1,2 13/16,46i,000616,FCVCAD000616,,,,,,
NPS 3,CL150 RF,Plain,3 9/16,50i,000617,FCVCAD000617,,,,,,
NPS 3,CL150 RF,Plain,3 9/16,60i,000618,FCVCAD000618,,,,,,
NPS 3,CL150 RF,Plain,3 9/16,70i,000619,FCVCAD000619,,,,,,
NPS 3,CL150 RF,Plain,3 9/16,76i,000620,FCVCAD000620,,,,,,
NPS 3,CL150 RF,Ext 1,3 9/16,50i,000621,FCVCAD000621,,,,,,
NPS 3,CL150 RF,Ext 1,3 9/16,60i,000622,FCVCAD000622,,,,,,
NPS 3,CL150 RF,Ext 1,3 9/16,70i,000623,FCVCAD000623,,,,,,
NPS 3,CL150 RF,Ext 1,3 9/16,76i,000624,FCVCAD000624,,,,,,
NPS 3,CL150 RF,Plain,5,80,000625,FCVCAD000625,,,,,,
NPS 3,CL150 RF,Plain,5,87,000626,FCVCAD000626,,,,,,
NPS 3,CL150 RF,Ext 1,5,80,000627,FCVCAD000627,,,,,,
NPS 3,CL150 RF,Ext 1,5,87,000628,FCVCAD000628,,,,,,
NPS 3,CL150 RF,Plain,5H,100,000629,FCVCAD000629,,,,,,
NPS 3,CL150 RF,Ext 1,5H,100,000630,FCVCAD000630,,,,,,
NPS 3,CL150 RTJ,Plain,2 13/16,40i,000631,FCVCAD000631,,,,,,
NPS 3,CL150 RTJ,Plain,2 13/16,45i,000632,FCVCAD000632,,,,,,
NPS 3,CL150 RTJ,Plain,2 13/16,46i,000633,FCVCAD000633,,,,,,
NPS 3,CL150 RTJ,Ext 1,2 13/16,40i,000634,FCVCAD000634,,,,,,
NPS 3,CL150 RTJ,Ext 1,2 13/16,45i,000635,FCVCAD000635,,,,,,
NPS 3,CL150 RTJ,Ext 1,2 13/16,46i,000636,FCVCAD000636,,,,,,
NPS 3,CL150 RTJ,Plain,3 9/16,50i,000637,FCVCAD000637,,,,,,
NPS 3,CL150 RTJ,Plain,3 9/16,60i,000638,FCVCAD000638,,,,,,
NPS 3,CL150 RTJ,Plain,3 9/16,70i,000639,FCVCAD000639,,,,,,
NPS 3,CL150 RTJ,Plain,3 9/16,76i,000640,FCVCAD000640,,,,,,
NPS 3,CL150 RTJ,Ext 1,3 9/16,50i,000641,FCVCAD000641,,,,,,
NPS 3,CL150 RTJ,Ext 1,3 9/16,60i,000642,FCVCAD000642,,,,,,
NPS 3,CL150 RTJ,Ext 1,3 9/16,70i,000643,FCVCAD000643,,,,,,
NPS 3,CL150 RTJ,Ext 1,3 9/16,76i,000644,FCVCAD000644,,,,,,
NPS 3,CL150 RTJ,Plain,5,80,000645,FCVCAD000645,,,,,,
NPS 3,CL150 RTJ,Plain,5,87,000646,FCVCAD000646,,,,,,
NPS 3,CL150 RTJ,Ext 1,5,80,000647,FCVCAD000647,,,,,,
NPS 3,CL150 RTJ,Ext 1,5,87,000648,FCVCAD000648,,,,,,
NPS 3,CL150 RTJ,Plain,5H,100,000649,FCVCAD000649,,,,,,
NPS 3,CL150 RTJ,Ext 1,5H,100,000650,FCVCAD000650,,,,,,
NPS 3,CL300 RF,Plain,2 13/16,40i,000651,FCVCAD000651,,,,,,
NPS 3,CL300 RF,Plain,2 13/16,45i,000652,FCVCAD000652,,,,,,
NPS 3,CL300 RF,Plain,2 13/16,46i,000653,FCVCAD000653,,,,,,
NPS 3,CL300 RF,Ext 1,2 13/16,40i,000654,FCVCAD000654,,,,,,
NPS 3,CL300 RF,Ext 1,2 13/16,45i,000655,FCVCAD000655,,,,,,
NPS 3,CL300 RF,Ext 1,2 13/16,46i,000656,FCVCAD000656,,,,,,
NPS 3,CL300 RF,Plain,3 9/16,50i,000657,FCVCAD000657,,,,,,
NPS 3,CL300 RF,Plain,3 9/16,60i,000658,FCVCAD000658,,,,,,
NPS 3,CL300 RF,Plain,3 9/16,70i,000659,FCVCAD000659,,,,,,
NPS 3,CL300 RF,Plain,3 9/16,76i,000660,FCVCAD000660,,,,,,
NPS 3,CL300 RF,Ext 1,3 9/16,50i,000661,FCVCAD000661,,,,,,
NPS 3,CL300 RF,Ext 1,3 9/16,60i,000662,FCVCAD000662,,,,,,
NPS 3,CL300 RF,Ext 1,3 9/16,70i,000663,FCVCAD000663,,,,,,
NPS 3,CL300 RF,Ext 1,3 9/16,76i,000664,FCVCAD000664,,,,,,
NPS 3,CL300 RF,Plain,5,80,000665,FCVCAD000665,,,,,,
NPS 3,CL300 RF,Plain,5,87,000666,FCVCAD000666,,,,,,
NPS 3,CL300 RF,Ext 1,5,80,000667,FCVCAD000667,,,,,,
NPS 3,CL300 RF,Ext 1,5,87,000668,FCVCAD000668,,,,,,
NPS 3,CL300 RF,Plain,5H,100,000669,FCVCAD000669,,,,,,
NPS 3,CL300 RF,Ext 1,5H,100,000670,FCVCAD000670,,,,,,
NPS 3,CL300 RTJ,Plain,2 13/16,40i,000671,FCVCAD000671,,,,,,
NPS 3,CL300 RTJ,Plain,2 13/16,45i,000672,FCVCAD000672,,,,,,
NPS 3,CL300 RTJ,Plain,2 13/16,46i,000673,FCVCAD000673,,,,,,
NPS 3,CL300 RTJ,Ext 1,2 13/16,40i,000674,FCVCAD000674,,,,,,
NPS 3,CL300 RTJ,Ext 1,2 13/16,45i,000675,FCVCAD000675,,,,,,
NPS 3,CL300 RTJ,Ext 1,2 13/16,46i,000676,FCVCAD000676,,,,,,
NPS 3,CL300 RTJ,Plain,3 9/16,50i,000677,FCVCAD000677,,,,,,
NPS 3,CL300 RTJ,Plain,3 9/16,60i,000678,FCVCAD000678,,,,,,
NPS 3,CL300 RTJ,Plain,3 9/16,70i,000679,FCVCAD000679,,,,,,
NPS 3,CL300 RTJ,Plain,3 9/16,76i,000680,FCVCAD000680,,,,,,
NPS 3,CL300 RTJ,Ext 1,3 9/16,50i,000681,FCVCAD000681,,,,,,
NPS 3,CL300 RTJ,Ext 1,3 9/16,60i,000682,FCVCAD000682,,,,,,
NPS 3,CL300 RTJ,Ext 1,3 9/16,70i,000683,FCVCAD000683,,,,,,
NPS 3,CL300 RTJ,Ext 1,3 9/16,76i,000684,FCVCAD000684,,,,,,
NPS 3,CL300 RTJ,Plain,5,80,000685,FCVCAD000685,,,,,,
NPS 3,CL300 RTJ,Plain,5,87,000686,FCVCAD000686,,,,,,
NPS 3,CL300 RTJ,Ext 1,5,80,000687,FCVCAD000687,,,,,,
NPS 3,CL300 RTJ,Ext 1,5,87,000688,FCVCAD000688,,,,,,
NPS 3,CL300 RTJ,Plain,5H,100,000689,FCVCAD000689,,,,,,
NPS 3,CL300 RTJ,Ext 1,5H,100,000690,FCVCAD000690,,,,,,
NPS 3,CL600 RF,Plain,2 13/16,40i,000691,FCVCAD000691,,,,,,
NPS 3,CL600 RF,Plain,2 13/16,45i,000692,FCVCAD000692,,,,,,
NPS 3,CL600 RF,Plain,2 13/16,46i,000693,FCVCAD000693,,,,,,
NPS 3,CL600 RF,Ext 1,2 13/16,40i,000694,FCVCAD000694,,,,,,
NPS 3,CL600 RF,Ext 1,2 13/16,45i,000695,FCVCAD000695,,,,,,
NPS 3,CL600 RF,Ext 1,2 13/16,46i,000696,FCVCAD000696,,,,,,
NPS 3,CL600 RF,Plain,3 9/16,50i,000697,FCVCAD000697,,,,,,
NPS 3,CL600 RF,Plain,3 9/16,60i,000698,FCVCAD000698,,,,,,
NPS 3,CL600 RF,Plain,3 9/16,70i,000699,FCVCAD000699,,,,,,
NPS 3,CL600 RF,Plain,3 9/16,76i,000700,FCVCAD000700,,,,,,
NPS 3,CL600 RF,Ext 1,3 9/16,50i,000701,FCVCAD000701,,,,,,
NPS 3,CL600 RF,Ext 1,3 9/16,60i,000702,FCVCAD000702,,,,,,
NPS 3,CL600 RF,Ext 1,3 9/16,70i,000703,FCVCAD000703,,,,,,
NPS 3,CL600 RF,Ext 1,3 9/16,76i,000704,FCVCAD000704,,,,,,
NPS 3,CL600 RF,Plain,5,80,000705,FCVCAD000705,,,,,,
NPS 3,CL600 RF,Plain,5,87,000706,FCVCAD000706,,,,,,
NPS 3,CL600 RF,Ext 1,5,80,000707,FCVCAD000707,,,,,,
NPS 3,CL600 RF,Ext 1,5,87,000708,FCVCAD000708,,,,,,
NPS 3,CL600 RF,Plain,5H,100,000709,FCVCAD000709,,,,,,
NPS 3,CL600 RF,Ext 1,5H,100,000710,FCVCAD000710,,,,,,
NPS 3,CL600 RTJ,Plain,2 13/16,40i,000711,FCVCAD000711,,,,,,
NPS 3,CL600 RTJ,Plain,2 13/16,45i,000712,FCVCAD000712,,,,,,
NPS 3,CL600 RTJ,Plain,2 13/16,46i,000713,FCVCAD000713,,,,,,
NPS 3,CL600 RTJ,Ext 1,2 13/16,40i,000714,FCVCAD000714,,,,,,
NPS 3,CL600 RTJ,Ext 1,2 13/16,45i,000715,FCVCAD000715,,,,,,
NPS 3,CL600 RTJ,Ext 1,2 13/16,46i,000716,FCVCAD000716,,,,,,
NPS 3,CL600 RTJ,Plain,3 9/16,50i,000717,FCVCAD000717,,,,,,
NPS 3,CL600 RTJ,Plain,3 9/16,60i,000718,FCVCAD000718,,,,,,
NPS 3,CL600 RTJ,Plain,3 9/16,70i,000719,FCVCAD000719,,,,,,
NPS 3,CL600 RTJ,Plain,3 9/16,76i,000720,FCVCAD000720,,,,,,
NPS 3,CL600 RTJ,Ext 1,3 9/16,50i,000721,FCVCAD000721,,,,,,
NPS 3,CL600 RTJ,Ext 1,3 9/16,60i,000722,FCVCAD000722,,,,,,
NPS 3,CL600 RTJ,Ext 1,3 9/16,70i,000723,FCVCAD000723,,,,,,
NPS 3,CL600 RTJ,Ext 1,3 9/16,76i,000724,FCVCAD000724,,,,,,
NPS 3,CL600 RTJ,Plain,5,80,000725,FCVCAD000725,,,,,,
NPS 3,CL600 RTJ,Plain,5,87,000726,FCVCAD000726,,,,,,
NPS 3,CL600 RTJ,Ext 1,5,80,000727,FCVCAD000727,,,,,,
NPS 3,CL600 RTJ,Ext 1,5,87,000728,FCVCAD000728,,,,,,
NPS 3,CL600 RTJ,Plain,5H,100,000729,FCVCAD000729,,,,,,
NPS 3,CL600 RTJ,Ext 1,5H,100,000730,FCVCAD000730,,,,,,
NPS 3,BWE,Plain,2 13/16,40i,000731,FCVCAD000731,,,,,,
NPS 3,BWE,Plain,2 13/16,45i,000732,FCVCAD000732,,,,,,
NPS 3,BWE,Plain,2 13/16,46i,000733,FCVCAD000733,,,,,,
NPS 3,BWE,Ext 1,2 13/16,40i,000734,FCVCAD000734,,,,,,
NPS 3,BWE,Ext 1,2 13/16,45i,000735,FCVCAD000735,,,,,,
NPS 3,BWE,Ext 1,2 13/16,46i,000736,FCVCAD000736,,,,,,
NPS 3,BWE,Plain,3 9/16,50i,000737,FCVCAD000737,,,,,,
NPS 3,BWE,Plain,3 9/16,60i,000738,FCVCAD000738,,,,,,
NPS 3,BWE,Plain,3 9/16,70i,000739,FCVCAD000739,,,,,,
NPS 3,BWE,Plain,3 9/16,76i,000740,FCVCAD000740,,,,,,
NPS 3,BWE,Ext 1,3 9/16,50i,000741,FCVCAD000741,,,,,,
NPS 3,BWE,Ext 1,3 9/16,60i,000742,FCVCAD000742,,,,,,
NPS 3,BWE,Ext 1,3 9/16,70i,000743,FCVCAD000743,,,,,,
NPS 3,BWE,Ext 1,3 9/16,76i,000744,FCVCAD000744,,,,,,
NPS 3,BWE,Plain,5,80,000745,FCVCAD000745,,,,,,
NPS 3,BWE,Plain,5,87,000746,FCVCAD000746,,,,,,
NPS 3,BWE,Ext 1,5,80,000747,FCVCAD000747,,,,,,
NPS 3,BWE,Ext 1,5,87,000748,FCVCAD000748,,,,,,
NPS 3,BWE,Plain,5H,100,000749,FCVCAD000749,,,,,,
NPS 3,BWE,Ext 1,5H,100,000750,FCVCAD000750,,,,,,
NPS 3,PN10-16,Plain,2 13/16,40i,000751,FCVCAD000751,,,,,,
NPS 3,PN10-16,Plain,2 13/16,45i,000752,FCVCAD000752,,,,,,
NPS 3,PN10-16,Plain,2 13/16,46i,000753,FCVCAD000753,,,,,,
NPS 3,PN10-16,Ext 1,2 13/16,40i,000754,FCVCAD000754,,,,,,
NPS 3,PN10-16,Ext 1,2 13/16,45i,000755,FCVCAD000755,,,,,,
NPS 3,PN10-16,Ext 1,2 13/16,46i,000756,FCVCAD000756,,,,,,
NPS 3,PN10-16,Plain,3 9/16,50i,000757,FCVCAD000757,,,,,,
NPS 3,PN10-16,Plain,3 9/16,60i,000758,FCVCAD000758,,,,,,
NPS 3,PN10-16,Plain,3 9/16,70i,000759,FCVCAD000759,,,,,,
NPS 3,PN10-16,Plain,3 9/16,76i,000760,FCVCAD000760,,,,,,
NPS 3,PN10-16,Ext 1,3 9/16,50i,000761,FCVCAD000761,,,,,,
NPS 3,PN10-16,Ext 1,3 9/16,60i,000762,FCVCAD000762,,,,,,
NPS 3,PN10-16,Ext 1,3 9/16,70i,000763,FCVCAD000763,,,,,,
NPS 3,PN10-16,Ext 1,3 9/16,76i,000764,FCVCAD000764,,,,,,
NPS 3,PN10-16,Plain,5,80,000765,FCVCAD000765,,,,,,
NPS 3,PN10-16,Plain,5,87,000766,FCVCAD000766,,,,,,
NPS 3,PN10-16,Ext 1,5,80,000767,FCVCAD000767,,,,,,
NPS 3,PN10-16,Ext 1,5,87,000768,FCVCAD000768,,,,,,
NPS 3,PN10-16,Plain,5H,100,000769,FCVCAD000769,,,,,,
NPS 3,PN10-16,Ext 1,5H,100,000770,FCVCAD000770,,,,,,
NPS 3,PN25-40,Plain,2 13/16,40i,000771,FCVCAD000771,,,,,,
NPS 3,PN25-40,Plain,2 13/16,45i,000772,FCVCAD000772,,,,,,
NPS 3,PN25-40,Plain,2 13/16,46i,000773,FCVCAD000773,,,,,,
NPS 3,PN25-40,Ext 1,2 13/16,40i,000774,FCVCAD000774,,,,,,
NPS 3,PN25-40,Ext 1,2 13/16,45i,000775,FCVCAD000775,,,,,,
NPS 3,PN25-40,Ext 1,2 13/16,46i,000776,FCVCAD000776,,,,,,
NPS 3,PN25-40,Plain,3 9/16,50i,000777,FCVCAD000777,,,,,,
NPS 3,PN25-40,Plain,3 9/16,60i,000778,FCVCAD000778,,,,,,
NPS 3,PN25-40,Plain,3 9/16,70i,000779,FCVCAD000779,,,,,,
NPS 3,PN25-40,Plain,3 9/16,76i,000780,FCVCAD000780,,,,,,
NPS 3,PN25-40,Ext 1,3 9/16,50i,000781,FCVCAD000781,,,,,,
NPS 3,PN25-40,Ext 1,3 9/16,60i,000782,FCVCAD000782,,,,,,
NPS 3,PN25-40,Ext 1,3 9/16,70i,000783,FCVCAD000783,,,,,,
NPS 3,PN25-40,Ext 1,3 9/16,76i,000784,FCVCAD000784,,,,,,
NPS 3,PN25-40,Plain,5,80,000785,FCVCAD000785,,,,,,
NPS 3,PN25-40,Plain,5,87,000786,FCVCAD000786,,,,,,
NPS 3,PN25-40,Ext 1,5,80,000787,FCVCAD000787,,,,,,
NPS 3,PN25-40,Ext 1,5,87,000788,FCVCAD000788,,,,,,
NPS 3,PN25-40,Plain,5H,100,000789,FCVCAD000789,,,,,,
NPS 3,PN25-40,Ext 1,5H,100,000790,FCVCAD000790,,,,,,
NPS 3,PN63-100,Plain,2 13/16,40i,000791,FCVCAD000791,,,,,,
NPS 3,PN63-100,Plain,2 13/16,45i,000792,FCVCAD000792,,,,,,
NPS 3,PN63-100,Plain,2 13/16,46i,000793,FCVCAD000793,,,,,,
NPS 3,PN63-100,Ext 1,2 13/16,40i,000794,FCVCAD000794,,,,,,
NPS 3,PN63-100,Ext 1,2 13/16,45i,000795,FCVCAD000795,,,,,,
NPS 3,PN63-100,Ext 1,2 13/16,46i,000796,FCVCAD000796,,,,,,
NPS 3,PN63-100,Plain,3 9/16,50i,000797,FCVCAD000797,,,,,,
NPS 3,PN63-100,Plain,3 9/16,60i,000798,FCVCAD000798,,,,,,
NPS 3,PN63-100,Plain,3 9/16,70i,000799,FCVCAD000799,,,,,,
NPS 3,PN63-100,Plain,3 9/16,76i,000800,FCVCAD000800,,,,,,
NPS 3,PN63-100,Ext 1,3 9/16,50i,000801,FCVCAD000801,,,,,,
NPS 3,PN63-100,Ext 1,3 9/16,60i,000802,FCVCAD000802,,,,,,
NPS 3,PN63-100,Ext 1,3 9/16,70i,000803,FCVCAD000803,,,,,,
NPS 3,PN63-100,Ext 1,3 9/16,76i,000804,FCVCAD000804,,,,,,
NPS 3,PN63-100,Plain,5,80,000805,FCVCAD000805,,,,,,
NPS 3,PN63-100,Plain,5,87,000806,FCVCAD000806,,,,,,
NPS 3,PN63-100,Ext 1,5,80,000807,FCVCAD000807,,,,,,
NPS 3,PN63-100,Ext 1,5,87,000808,FCVCAD000808,,,,,,
NPS 3,PN63-100,Plain,5H,100,000809,FCVCAD000809,,,,,,
NPS 3,PN63-100,Ext 1,5H,100,000810,FCVCAD000810,,,,,,
NPS 3,PN100,Plain,2 13/16,40i,000811,FCVCAD000811,,,,,,
NPS 3,PN100,Plain,2 13/16,45i,000812,FCVCAD000812,,,,,,
NPS 3,PN100,Plain,2 13/16,46i,000813,FCVCAD000813,,,,,,
NPS 3,PN100,Ext 1,2 13/16,40i,000814,FCVCAD000814,,,,,,
NPS 3,PN100,Ext 1,2 13/16,45i,000815,FCVCAD000815,,,,,,
NPS 3,PN100,Ext 1,2 13/16,46i,000816,FCVCAD000816,,,,,,
NPS 3,PN100,Plain,3 9/16,50i,000817,FCVCAD000817,,,,,,
NPS 3,PN100,Plain,3 9/16,60i,000818,FCVCAD000818,,,,,,
NPS 3,PN100,Plain,3 9/16,70i,000819,FCVCAD000819,,,,,,
NPS 3,PN100,Plain,3 9/16,76i,000820,FCVCAD000820,,,,,,
NPS 3,PN100,Ext 1,3 9/16,50i,000821,FCVCAD000821,,,,,,
NPS 3,PN100,Ext 1,3 9/16,60i,000822,FCVCAD000822,,,,,,
NPS 3,PN100,Ext 1,3 9/16,70i,000823,FCVCAD000823,,,,,,
NPS 3,PN100,Ext 1,3 9/16,76i,000824,FCVCAD000824,,,,,,
NPS 3,PN100,Plain,5,80,000825,FCVCAD000825,,,,,,
NPS 3,PN100,Plain,5,87,000826,FCVCAD000826,,,,,,
NPS 3,PN100,Ext 1,5,80,000827,FCVCAD000827,,,,,,
NPS 3,PN100,Ext 1,5,87,000828,FCVCAD000828,,,,,,
NPS 3,PN100,Plain,5H,100,000829,FCVCAD000829,,,,,,
NPS 3,PN100,Ext 1,5H,100,000830,FCVCAD000830,,,,,,
NPS 4,CL150 RF,Plain,2 13/16,40i,000831,FCVCAD000831,,,,,,
NPS 4,CL150 RF,Plain,2 13/16,45i,000832,FCVCAD000832,,,,,,
NPS 4,CL150 RF,Plain,2 13/16,46i,000833,FCVCAD000833,,,,,,
NPS 4,CL150 RF,Ext 1,2 13/16,40i,000834,FCVCAD000834,,,,,,
NPS 4,CL150 RF,Ext 1,2 13/16,45i,000835,FCVCAD000835,,,,,,
NPS 4,CL150 RF,Ext 1,2 13/16,46i,000836,FCVCAD000836,,,,,,
NPS 4,CL150 RF,Plain,3 9/16,50i,000837,FCVCAD000837,,,,,,
NPS 4,CL150 RF,Plain,3 9/16,60i,000838,FCVCAD000838,,,,,,
NPS 4,CL150 RF,Plain,3 9/16,70i,000839,FCVCAD000839,,,,,,
NPS 4,CL150 RF,Plain,3 9/16,76i,000840,FCVCAD000840,,,,,,
NPS 4,CL150 RF,Ext 1,3 9/16,50i,000841,FCVCAD000841,,,,,,
NPS 4,CL150 RF,Ext 1,3 9/16,60i,000842,FCVCAD000842,,,,,,
NPS 4,CL150 RF,Ext 1,3 9/16,70i,000843,FCVCAD000843,,,,,,
NPS 4,CL150 RF,Ext 1,3 9/16,76i,000844,FCVCAD000844,,,,,,
NPS 4,CL150 RF,Plain,5,80,000845,FCVCAD000845,,,,,,
NPS 4,CL150 RF,Plain,5,87,000846,FCVCAD000846,,,,,,
NPS 4,CL150 RF,Ext 1,5,80,000847,FCVCAD000847,,,,,,
NPS 4,CL150 RF,Ext 1,5,87,000848,FCVCAD000848,,,,,,
NPS 4,CL150 RF,Plain,5H,100,000849,FCVCAD000849,,,,,,
NPS 4,CL150 RF,Ext 1,5H,100,000850,FCVCAD000850,,,,,,
NPS 4,CL300 RF,Plain,2 13/16,40i,000851,FCVCAD000851,,,,,,
NPS 4,CL300 RF,Plain,2 13/16,45i,000852,FCVCAD000852,,,,,,
NPS 4,CL300 RF,Plain,2 13/16,46i,000853,FCVCAD000853,,,,,,
NPS 4,CL300 RF,Ext 1,2 13/16,40i,000854,FCVCAD000854,,,,,,
NPS 4,CL300 RF,Ext 1,2 13/16,45i,000855,FCVCAD000855,,,,,,
NPS 4,CL300 RF,Ext 1,2 13/16,46i,000856,FCVCAD000856,,,,,,
NPS 4,CL300 RF,Plain,3 9/16,50i,000857,FCVCAD000857,,,,,,
NPS 4,CL300 RF,Plain,3 9/16,60i,000858,FCVCAD000858,,,,,,
NPS 4,CL300 RF,Plain,3 9/16,70i,000859,FCVCAD000859,,,,,,
NPS 4,CL300 RF,Plain,3 9/16,76i,000860,FCVCAD000860,,,,,,
NPS 4,CL300 RF,Ext 1,3 9/16,50i,000861,FCVCAD000861,,,,,,
NPS 4,CL300 RF,Ext 1,3 9/16,60i,000862,FCVCAD000862,,,,,,
NPS 4,CL300 RF,Ext 1,3 9/16,70i,000863,FCVCAD000863,,,,,,
NPS 4,CL300 RF,Ext 1,3 9/16,76i,000864,FCVCAD000864,,,,,,
NPS 4,CL300 RF,Plain,5,80,000865,FCVCAD000865,,,,,,
NPS 4,CL300 RF,Plain,5,87,000866,FCVCAD000866,,,,,,
NPS 4,CL300 RF,Ext 1,5,80,000867,FCVCAD000867,,,,,,
NPS 4,CL300 RF,Ext 1,5,87,000868,FCVCAD000868,,,,,,
NPS 4,CL300 RF,Plain,5H,100,000869,FCVCAD000869,,,,,,
NPS 4,CL300 RF,Ext 1,5H,100,000870,FCVCAD000870,,,,,,
NPS 4,CL300 RTJ,Plain,2 13/16,40i,000871,FCVCAD000871,,,,,,
NPS 4,CL300 RTJ,Plain,2 13/16,45i,000872,FCVCAD000872,,,,,,
NPS 4,CL300 RTJ,Plain,2 13/16,46i,000873,FCVCAD000873,,,,,,
NPS 4,CL300 RTJ,Ext 1,2 13/16,40i,000874,FCVCAD000874,,,,,,
NPS 4,CL300 RTJ,Ext 1,2 13/16,45i,000875,FCVCAD000875,,,,,,
NPS 4,CL300 RTJ,Ext 1,2 13/16,46i,000876,FCVCAD000876,,,,,,
NPS 4,CL300 RTJ,Plain,3 9/16,50i,000877,FCVCAD000877,,,,,,
NPS 4,CL300 RTJ,Plain,3 9/16,60i,000878,FCVCAD000878,,,,,,
NPS 4,CL300 RTJ,Plain,3 9/16,70i,000879,FCVCAD000879,,,,,,
NPS 4,CL300 RTJ,Plain,3 9/16,76i,000880,FCVCAD000880,,,,,,
NPS 4,CL300 RTJ,Ext 1,3 9/16,50i,000881,FCVCAD000881,,,,,,
NPS 4,CL300 RTJ,Ext 1,3 9/16,60i,000882,FCVCAD000882,,,,,,
NPS 4,CL300 RTJ,Ext 1,3 9/16,70i,000883,FCVCAD000883,,,,,,
NPS 4,CL300 RTJ,Ext 1,3 9/16,76i,000884,FCVCAD000884,,,,,,
NPS 4,CL300 RTJ,Plain,5,80,000885,FCVCAD000885,,,,,,
NPS 4,CL300 RTJ,Plain,5,87,000886,FCVCAD000886,,,,,,
NPS 4,CL300 RTJ,Ext 1,5,80,000887,FCVCAD000887,,,,,,
NPS 4,CL300 RTJ,Ext 1,5,87,000888,FCVCAD000888,,,,,,
NPS 4,CL300 RTJ,Plain,5H,100,000889,FCVCAD000889,,,,,,
NPS 4,CL300 RTJ,Ext 1,5H,100,000890,FCVCAD000890,,,,,,
NPS 4,CL600 RF,Plain,2 13/16,40i,000891,FCVCAD000891,,,,,,
NPS 4,CL600 RF,Plain,2 13/16,45i,000892,FCVCAD000892,,,,,,
NPS 4,CL600 RF,Plain,2 13/16,46i,000893,FCVCAD000893,,,,,,
NPS 4,CL600 RF,Ext 1,2 13/16,40i,000894,FCVCAD000894,,,,,,
NPS 4,CL600 RF,Ext 1,2 13/16,45i,000895,FCVCAD000895,,,,,,
NPS 4,CL600 RF,Ext 1,2 13/16,46i,000896,FCVCAD000896,,,,,,
NPS 4,CL600 RF,Plain,3 9/16,50i,000897,FCVCAD000897,,,,,,
NPS 4,CL600 RF,Plain,3 9/16,60i,000898,FCVCAD000898,,,,,,
NPS 4,CL600 RF,Plain,3 9/16,70i,000899,FCVCAD000899,,,,,,
NPS 4,CL600 RF,Plain,3 9/16,76i,000900,FCVCAD000900,,,,,,
NPS 4,CL600 RF,Ext 1,3 9/16,50i,000901,FCVCAD000901,,,,,,
NPS 4,CL600 RF,Ext 1,3 9/16,60i,000902,FCVCAD000902,,,,,,
NPS 4,CL600 RF,Ext 1,3 9/16,70i,000903,FCVCAD000903,,,,,,
NPS 4,CL600 RF,Ext 1,3 9/16,76i,000904,FCVCAD000904,,,,,,
NPS 4,CL600 RF,Plain,5,80,000905,FCVCAD000905,,,,,,
NPS 4,CL600 RF,Plain,5,87,000906,FCVCAD000906,,,,,,
NPS 4,CL600 RF,Ext 1,5,80,000907,FCVCAD000907,,,,,,
NPS 4,CL600 RF,Ext 1,5,87,000908,FCVCAD000908,,,,,,
NPS 4,CL600 RF,Plain,5H,100,000909,FCVCAD000909,,,,,,
NPS 4,CL600 RF,Ext 1,5H,100,000910,FCVCAD000910,,,,,,
NPS 4,CL600 RTJ,Plain,2 13/16,40i,000911,FCVCAD000911,,,,,,
NPS 4,CL600 RTJ,Plain,2 13/16,45i,000912,FCVCAD000912,,,,,,
NPS 4,CL600 RTJ,Plain,2 13/16,46i,000913,FCVCAD000913,,,,,,
NPS 4,CL600 RTJ,Ext 1,2 13/16,40i,000914,FCVCAD000914,,,,,,
NPS 4,CL600 RTJ,Ext 1,2 13/16,45i,000915,FCVCAD000915,,,,,,
NPS 4,CL600 RTJ,Ext 1,2 13/16,46i,000916,FCVCAD000916,,,,,,
NPS 4,CL600 RTJ,Plain,3 9/16,50i,000917,FCVCAD000917,,,,,,
NPS 4,CL600 RTJ,Plain,3 9/16,60i,000918,FCVCAD000918,,,,,,
NPS 4,CL600 RTJ,Plain,3 9/16,70i,000919,FCVCAD000919,,,,,,
NPS 4,CL600 RTJ,Plain,3 9/16,76i,000920,FCVCAD000920,,,,,,
NPS 4,CL600 RTJ,Ext 1,3 9/16,50i,000921,FCVCAD000921,,,,,,
NPS 4,CL600 RTJ,Ext 1,3 9/16,60i,000922,FCVCAD000922,,,,,,
NPS 4,CL600 RTJ,Ext 1,3 9/16,70i,000923,FCVCAD000923,,,,,,
NPS 4,CL600 RTJ,Ext 1,3 9/16,76i,000924,FCVCAD000924,,,,,,
NPS 4,CL600 RTJ,Plain,5,80,000925,FCVCAD000925,,,,,,
NPS 4,CL600 RTJ,Plain,5,87,000926,FCVCAD000926,,,,,,
NPS 4,CL600 RTJ,Ext 1,5,80,000927,FCVCAD000927,,,,,,
NPS 4,CL600 RTJ,Ext 1,5,87,000928,FCVCAD000928,,,,,,
NPS 4,CL600 RTJ,Plain,5H,100,000929,FCVCAD000929,,,,,,
NPS 4,CL600 RTJ,Ext 1,5H,100,000930,FCVCAD000930,,,,,,
NPS 4,BWE,Plain,2 13/16,40i,000931,FCVCAD000931,,,,,,
NPS 4,BWE,Plain,2 13/16,45i,000932,FCVCAD000932,,,,,,
NPS 4,BWE,Plain,2 13/16,46i,000933,FCVCAD000933,,,,,,
NPS 4,BWE,Ext 1,2 13/16,40i,000934,FCVCAD000934,,,,,,
NPS 4,BWE,Ext 1,2 13/16,45i,000935,FCVCAD000935,,,,,,
NPS 4,BWE,Ext 1,2 13/16,46i,000936,FCVCAD000936,,,,,,
NPS 4,BWE,Plain,3 9/16,50i,000937,FCVCAD000937,,,,,,
NPS 4,BWE,Plain,3 9/16,60i,000938,FCVCAD000938,,,,,,
NPS 4,BWE,Plain,3 9/16,70i,000939,FCVCAD000939,,,,,,
NPS 4,BWE,Plain,3 9/16,76i,000940,FCVCAD000940,,,,,,
NPS 4,BWE,Ext 1,3 9/16,50i,000941,FCVCAD000941,,,,,,
NPS 4,BWE,Ext 1,3 9/16,60i,000942,FCVCAD000942,,,,,,
NPS 4,BWE,Ext 1,3 9/16,70i,000943,FCVCAD000943,,,,,,
NPS 4,BWE,Ext 1,3 9/16,76i,000944,FCVCAD000944,,,,,,
NPS 4,BWE,Plain,5,80,000945,FCVCAD000945,,,,,,
NPS 4,BWE,Plain,5,87,000946,FCVCAD000946,,,,,,
NPS 4,BWE,Ext 1,5,80,000947,FCVCAD000947,,,,,,
NPS 4,BWE,Ext 1,5,87,000948,FCVCAD000948,,,,,,
NPS 4,BWE,Plain,5H,100,000949,FCVCAD000949,,,,,,
NPS 4,BWE,Ext 1,5H,100,000950,FCVCAD000950,,,,,,
NPS 4,PN10-16,Plain,2 13/16,40i,000951,FCVCAD000951,,,,,,
NPS 4,PN10-16,Plain,2 13/16,45i,000952,FCVCAD000952,,,,,,
NPS 4,PN10-16,Plain,2 13/16,46i,000953,FCVCAD000953,,,,,,
NPS 4,PN10-16,Ext 1,2 13/16,40i,000954,FCVCAD000954,,,,,,
NPS 4,PN10-16,Ext 1,2 13/16,45i,000955,FCVCAD000955,,,,,,
NPS 4,PN10-16,Ext 1,2 13/16,46i,000956,FCVCAD000956,,,,,,
NPS 4,PN10-16,Plain,3 9/16,50i,000957,FCVCAD000957,,,,,,
NPS 4,PN10-16,Plain,3 9/16,60i,000958,FCVCAD000958,,,,,,
NPS 4,PN10-16,Plain,3 9/16,70i,000959,FCVCAD000959,,,,,,
NPS 4,PN10-16,Plain,3 9/16,76i,000960,FCVCAD000960,,,,,,
NPS 4,PN10-16,Ext 1,3 9/16,50i,000961,FCVCAD000961,,,,,,
NPS 4,PN10-16,Ext 1,3 9/16,60i,000962,FCVCAD000962,,,,,,
NPS 4,PN10-16,Ext 1,3 9/16,70i,000963,FCVCAD000963,,,,,,
NPS 4,PN10-16,Ext 1,3 9/16,76i,000964,FCVCAD000964,,,,,,
NPS 4,PN10-16,Plain,5,80,000965,FCVCAD000965,,,,,,
NPS 4,PN10-16,Plain,5,87,000966,FCVCAD000966,,,,,,
NPS 4,PN10-16,Ext 1,5,80,000967,FCVCAD000967,,,,,,
NPS 4,PN10-16,Ext 1,5,87,000968,FCVCAD000968,,,,,,
NPS 4,PN10-16,Plain,5H,100,000969,FCVCAD000969,,,,,,
NPS 4,PN10-16,Ext 1,5H,100,000970,FCVCAD000970,,,,,,
NPS 4,PN25-40,Plain,2 13/16,40i,000971,FCVCAD000971,,,,,,
NPS 4,PN25-40,Plain,2 13/16,45i,000972,FCVCAD000972,,,,,,
NPS 4,PN25-40,Plain,2 13/16,46i,000973,FCVCAD000973,,,,,,
NPS 4,PN25-40,Ext 1,2 13/16,40i,000974,FCVCAD000974,,,,,,
NPS 4,PN25-40,Ext 1,2 13/16,45i,000975,FCVCAD000975,,,,,,
NPS 4,PN25-40,Ext 1,2 13/16,46i,000976,FCVCAD000976,,,,,,
NPS 4,PN25-40,Plain,3 9/16,50i,000977,FCVCAD000977,,,,,,
NPS 4,PN25-40,Plain,3 9/16,60i,000978,FCVCAD000978,,,,,,
NPS 4,PN25-40,Plain,3 9/16,70i,000979,FCVCAD000979,,,,,,
NPS 4,PN25-40,Plain,3 9/16,76i,000980,FCVCAD000980,,,,,,
NPS 4,PN25-40,Ext 1,3 9/16,50i,000981,FCVCAD000981,,,,,,
NPS 4,PN25-40,Ext 1,3 9/16,60i,000982,FCVCAD000982,,,,,,
NPS 4,PN25-40,Ext 1,3 9/16,70i,000983,FCVCAD000983,,,,,,
NPS 4,PN25-40,Ext 1,3 9/16,76i,000984,FCVCAD000984,,,,,,
NPS 4,PN25-40,Plain,5,80,000985,FCVCAD000985,,,,,,
NPS 4,PN25-40,Plain,5,87,000986,FCVCAD000986,,,,,,
NPS 4,PN25-40,Ext 1,5,80,000987,FCVCAD000987,,,,,,
NPS 4,PN25-40,Ext 1,5,87,000988,FCVCAD000988,,,,,,
NPS 4,PN25-40,Plain,5H,100,000989,FCVCAD000989,,,,,,
NPS 4,PN25-40,Ext 1,5H,100,000990,FCVCAD000990,,,,,,
NPS 4,PN63,Plain,2 13/16,40i,000991,FCVCAD000991,,,,,,
NPS 4,PN63,Plain,2 13/16,45i,000992,FCVCAD000992,,,,,,
NPS 4,PN63,Plain,2 13/16,46i,000993,FCVCAD000993,,,,,,
NPS 4,PN63,Ext 1,2 13/16,40i,000994,FCVCAD000994,,,,,,
NPS 4,PN63,Ext 1,2 13/16,45i,000995,FCVCAD000995,,,,,,
NPS 4,PN63,Ext 1,2 13/16,46i,000996,FCVCAD000996,,,,,,
NPS 4,PN63,Plain,3 9/16,50i,000997,FCVCAD000997,,,,,,
NPS 4,PN63,Plain,3 9/16,60i,000998,FCVCAD000998,,,,,,
NPS 4,PN63,Plain,3 9/16,70i,000999,FCVCAD000999,,,,,,
NPS 4,PN63,Plain,3 9/16,76i,001000,FCVCAD001000,,,,,,
NPS 4,PN63,Ext 1,3 9/16,50i,001001,FCVCAD001001,,,,,,
NPS 4,PN63,Ext 1,3 9/16,60i,001002,FCVCAD001002,,,,,,
NPS 4,PN63,Ext 1,3 9/16,70i,001003,FCVCAD001003,,,,,,
NPS 4,PN63,Ext 1,3 9/16,76i,001004,FCVCAD001004,,,,,,
NPS 4,PN63,Plain,5,80,001005,FCVCAD001005,,,,,,
NPS 4,PN63,Plain,5,87,001006,FCVCAD001006,,,,,,
NPS 4,PN63,Ext 1,5,80,001007,FCVCAD001007,,,,,,
NPS 4,PN63,Ext 1,5,87,001008,FCVCAD001008,,,,,,
NPS 4,PN63,Plain,5H,100,001009,FCVCAD001009,,,,,,
NPS 4,PN63,Ext 1,5H,100,001010,FCVCAD001010,,,,,,
NPS 4,PN100,Plain,2 13/16,40i,001011,FCVCAD001011,,,,,,
NPS 4,PN100,Plain,2 13/16,45i,001012,FCVCAD001012,,,,,,
NPS 4,PN100,Plain,2 13/16,46i,001013,FCVCAD001013,,,,,,
NPS 4,PN100,Ext 1,2 13/16,40i,001014,FCVCAD001014,,,,,,
NPS 4,PN100,Ext 1,2 13/16,45i,001015,FCVCAD001015,,,,,,
NPS 4,PN100,Ext 1,2 13/16,46i,001016,FCVCAD001016,,,,,,
NPS 4,PN100,Plain,3 9/16,50i,001017,FCVCAD001017,,,,,,
NPS 4,PN100,Plain,3 9/16,60i,001018,FCVCAD001018,,,,,,
NPS 4,PN100,Plain,3 9/16,70i,001019,FCVCAD001019,,,,,,
NPS 4,PN100,Plain,3 9/16,76i,001020,FCVCAD001020,,,,,,
NPS 4,PN100,Ext 1,3 9/16,50i,001021,FCVCAD001021,,,,,,
NPS 4,PN100,Ext 1,3 9/16,60i,001022,FCVCAD001022,,,,,,
NPS 4,PN100,Ext 1,3 9/16,70i,001023,FCVCAD001023,,,,,,
NPS 4,PN100,Ext 1,3 9/16,76i,001024,FCVCAD001024,,,,,,
NPS 4,PN100,Plain,5,80,001025,FCVCAD001025,,,,,,
NPS 4,PN100,Plain,5,87,001026,FCVCAD001026,,,,,,
NPS 4,PN100,Ext 1,5,80,001027,FCVCAD001027,,,,,,
NPS 4,PN100,Ext 1,5,87,001028,FCVCAD001028,,,,,,
NPS 4,PN100,Plain,5H,100,001029,FCVCAD001029,,,,,,
NPS 4,PN100,Ext 1,5H,100,001030,FCVCAD001030,,,,,,
NPS 6,CL150 RF,Plain,2 13/16,40i,001031,FCVCAD001031,,,,,,
NPS 6,CL150 RF,Plain,2 13/16,45i,001032,FCVCAD001032,,,,,,
NPS 6,CL150 RF,Plain,2 13/16,46i,001033,FCVCAD001033,,,,,,
NPS 6,CL150 RF,Plain,3 9/16,50i,001034,FCVCAD001034,,,,,,
NPS 6,CL150 RF,Plain,3 9/16,60i,001035,FCVCAD001035,,,,,,
NPS 6,CL150 RF,Plain,3 9/16,70i,001036,FCVCAD001036,,,,,,
NPS 6,CL150 RF,Plain,3 9/16,76i,001037,FCVCAD001037,,,,,,
NPS 6,CL150 RF,Ext 1,3 9/16,50i,001038,FCVCAD001038,,,,,,
NPS 6,CL150 RF,Ext 1,3 9/16,60i,001039,FCVCAD001039,,,,,,
NPS 6,CL150 RF,Ext 1,3 9/16,70i,001040,FCVCAD001040,,,,,,
NPS 6,CL150 RF,Ext 1,3 9/16,76i,001041,FCVCAD001041,,,,,,
NPS 6,CL150 RF,Plain,5,80,001042,FCVCAD001042,,,,,,
NPS 6,CL150 RF,Plain,5,87,001043,FCVCAD001043,,,,,,
NPS 6,CL150 RF,Ext 1,5,80,001044,FCVCAD001044,,,,,,
NPS 6,CL150 RF,Ext 1,5,87,001045,FCVCAD001045,,,,,,
NPS 6,CL150 RF,Plain,5H,100,001046,FCVCAD001046,,,,,,
NPS 6,CL150 RF,Ext 1,5H,100,001047,FCVCAD001047,,,,,,
NPS 6,CL150 RTJ,Plain,2 13/16,40i,001048,FCVCAD001048,,,,,,
NPS 6,CL150 RTJ,Plain,2 13/16,45i,001049,FCVCAD001049,,,,,,
NPS 6,CL150 RTJ,Plain,2 13/16,46i,001050,FCVCAD001050,,,,,,
NPS 6,CL150 RTJ,Plain,3 9/16,50i,001051,FCVCAD001051,,,,,,
NPS 6,CL150 RTJ,Plain,3 9/16,60i,001052,FCVCAD001052,,,,,,
NPS 6,CL150 RTJ,Plain,3 9/16,70i,001053,FCVCAD001053,,,,,,
NPS 6,CL150 RTJ,Plain,3 9/16,76i,001054,FCVCAD001054,,,,,,
NPS 6,CL150 RTJ,Ext 1,3 9/16,50i,001055,FCVCAD001055,,,,,,
NPS 6,CL150 RTJ,Ext 1,3 9/16,60i,001056,FCVCAD001056,,,,,,
NPS 6,CL150 RTJ,Ext 1,3 9/16,70i,001057,FCVCAD001057,,,,,,
NPS 6,CL150 RTJ,Ext 1,3 9/16,76i,001058,FCVCAD001058,,,,,,
NPS 6,CL150 RTJ,Plain,5,80,001059,FCVCAD001059,,,,,,
NPS 6,CL150 RTJ,Plain,5,87,001060,FCVCAD001060,,,,,,
NPS 6,CL150 RTJ,Ext 1,5,80,001061,FCVCAD001061,,,,,,
NPS 6,CL150 RTJ,Ext 1,5,87,001062,FCVCAD001062,,,,,,
NPS 6,CL150 RTJ,Plain,5H,100,001063,FCVCAD001063,,,,,,
NPS 6,CL150 RTJ,Ext 1,5H,100,001064,FCVCAD001064,,,,,,
NPS 6,CL300 RF,Plain,2 13/16,40i,001065,FCVCAD001065,,,,,,
NPS 6,CL300 RF,Plain,2 13/16,45i,001066,FCVCAD001066,,,,,,
NPS 6,CL300 RF,Plain,2 13/16,46i,001067,FCVCAD001067,,,,,,
NPS 6,CL300 RF,Plain,3 9/16,50i,001068,FCVCAD001068,,,,,,
NPS 6,CL300 RF,Plain,3 9/16,60i,001069,FCVCAD001069,,,,,,
NPS 6,CL300 RF,Plain,3 9/16,70i,001070,FCVCAD001070,,,,,,
NPS 6,CL300 RF,Plain,3 9/16,76i,001071,FCVCAD001071,,,,,,
NPS 6,CL300 RF,Ext 1,3 9/16,50i,001072,FCVCAD001072,,,,,,
NPS 6,CL300 RF,Ext 1,3 9/16,60i,001073,FCVCAD001073,,,,,,
NPS 6,CL300 RF,Ext 1,3 9/16,70i,001074,FCVCAD001074,,,,,,
NPS 6,CL300 RF,Ext 1,3 9/16,76i,001075,FCVCAD001075,,,,,,
NPS 6,CL300 RF,Plain,5,80,001076,FCVCAD001076,,,,,,
NPS 6,CL300 RF,Plain,5,87,001077,FCVCAD001077,,,,,,
NPS 6,CL300 RF,Ext 1,5,80,001078,FCVCAD001078,,,,,,
NPS 6,CL300 RF,Ext 1,5,87,001079,FCVCAD001079,,,,,,
NPS 6,CL300 RF,Plain,5H,100,001080,FCVCAD001080,,,,,,
NPS 6,CL300 RF,Ext 1,5H,100,001081,FCVCAD001081,,,,,,
NPS 6,CL300 RTJ,Plain,2 13/16,40i,001082,FCVCAD001082,,,,,,
NPS 6,CL300 RTJ,Plain,2 13/16,45i,001083,FCVCAD001083,,,,,,
NPS 6,CL300 RTJ,Plain,2 13/16,46i,001084,FCVCAD001084,,,,,,
NPS 6,CL300 RTJ,Plain,3 9/16,50i,001085,FCVCAD001085,,,,,,
NPS 6,CL300 RTJ,Plain,3 9/16,60i,001086,FCVCAD001086,,,,,,
NPS 6,CL300 RTJ,Plain,3 9/16,70i,001087,FCVCAD001087,,,,,,
NPS 6,CL300 RTJ,Plain,3 9/16,76i,001088,FCVCAD001088,,,,,,
NPS 6,CL300 RTJ,Ext 1,3 9/16,50i,001089,FCVCAD001089,,,,,,
NPS 6,CL300 RTJ,Ext 1,3 9/16,60i,001090,FCVCAD001090,,,,,,
NPS 6,CL300 RTJ,Ext 1,3 9/16,70i,001091,FCVCAD001091,,,,,,
NPS 6,CL300 RTJ,Ext 1,3 9/16,76i,001092,FCVCAD001092,,,,,,
NPS 6,CL300 RTJ,Plain,5,80,001093,FCVCAD001093,,,,,,
NPS 6,CL300 RTJ,Plain,5,87,001094,FCVCAD001094,,,,,,
NPS 6,CL300 RTJ,Ext 1,5,80,001095,FCVCAD001095,,,,,,
NPS 6,CL300 RTJ,Ext 1,5,87,001096,FCVCAD001096,,,,,,
NPS 6,CL300 RTJ,Plain,5H,100,001097,FCVCAD001097,,,,,,
NPS 6,CL300 RTJ,Ext 1,5H,100,001098,FCVCAD001098,,,,,,
NPS 6,CL600 RF,Plain,2 13/16,40i,001099,FCVCAD001099,,,,,,
NPS 6,CL600 RF,Plain,2 13/16,45i,001100,FCVCAD001100,,,,,,
NPS 6,CL600 RF,Plain,2 13/16,46i,001101,FCVCAD001101,,,,,,
NPS 6,CL600 RF,Plain,3 9/16,50i,001102,FCVCAD001102,,,,,,
NPS 6,CL600 RF,Plain,3 9/16,60i,001103,FCVCAD001103,,,,,,
NPS 6,CL600 RF,Plain,3 9/16,70i,001104,FCVCAD001104,,,,,,
NPS 6,CL600 RF,Plain,3 9/16,76i,001105,FCVCAD001105,,,,,,
NPS 6,CL600 RF,Ext 1,3 9/16,50i,001106,FCVCAD001106,,,,,,
NPS 6,CL600 RF,Ext 1,3 9/16,60i,001107,FCVCAD001107,,,,,,
NPS 6,CL600 RF,Ext 1,3 9/16,70i,001108,FCVCAD001108,,,,,,
NPS 6,CL600 RF,Ext 1,3 9/16,76i,001109,FCVCAD001109,,,,,,
NPS 6,CL600 RF,Plain,5,80,001110,FCVCAD001110,,,,,,
NPS 6,CL600 RF,Plain,5,87,001111,FCVCAD001111,,,,,,
NPS 6,CL600 RF,Ext 1,5,80,001112,FCVCAD001112,,,,,,
NPS 6,CL600 RF,Ext 1,5,87,001113,FCVCAD001113,,,,,,
NPS 6,CL600 RF,Plain,5H,100,001114,FCVCAD001114,,,,,,
NPS 6,CL600 RF,Ext 1,5H,100,001115,FCVCAD001115,,,,,,
NPS 6,CL600 RTJ,Plain,2 13/16,40i,001116,FCVCAD001116,,,,,,
NPS 6,CL600 RTJ,Plain,2 13/16,45i,001117,FCVCAD001117,,,,,,
NPS 6,CL600 RTJ,Plain,2 13/16,46i,001118,FCVCAD001118,,,,,,
NPS 6,CL600 RTJ,Plain,3 9/16,50i,001119,FCVCAD001119,,,,,,
NPS 6,CL600 RTJ,Plain,3 9/16,60i,001120,FCVCAD001120,,,,,,
NPS 6,CL600 RTJ,Plain,3 9/16,70i,001121,FCVCAD001121,,,,,,
NPS 6,CL600 RTJ,Plain,3 9/16,76i,001122,FCVCAD001122,,,,,,
NPS 6,CL600 RTJ,Ext 1,3 9/16,50i,001123,FCVCAD001123,,,,,,
NPS 6,CL600 RTJ,Ext 1,3 9/16,60i,001124,FCVCAD001124,,,,,,
NPS 6,CL600 RTJ,Ext 1,3 9/16,70i,001125,FCVCAD001125,,,,,,
NPS 6,CL600 RTJ,Ext 1,3 9/16,76i,001126,FCVCAD001126,,,,,,
NPS 6,CL600 RTJ,Plain,5,80,001127,FCVCAD001127,,,,,,
NPS 6,CL600 RTJ,Plain,5,87,001128,FCVCAD001128,,,,,,
NPS 6,CL600 RTJ,Ext 1,5,80,001129,FCVCAD001129,,,,,,
NPS 6,CL600 RTJ,Ext 1,5,87,001130,FCVCAD001130,,,,,,
NPS 6,CL600 RTJ,Plain,5H,100,001131,FCVCAD001131,,,,,,
NPS 6,CL600 RTJ,Ext 1,5H,100,001132,FCVCAD001132,,,,,,
NPS 6,BWE,Plain,2 13/16,40i,001133,FCVCAD001133,,,,,,
NPS 6,BWE,Plain,2 13/16,45i,001134,FCVCAD001134,,,,,,
NPS 6,BWE,Plain,2 13/16,46i,001135,FCVCAD001135,,,,,,
NPS 6,BWE,Plain,3 9/16,50i,001136,FCVCAD001136,,,,,,
NPS 6,BWE,Plain,3 9/16,60i,001137,FCVCAD001137,,,,,,
NPS 6,BWE,Plain,3 9/16,70i,001138,FCVCAD001138,,,,,,
NPS 6,BWE,Plain,3 9/16,76i,001139,FCVCAD001139,,,,,,
NPS 6,BWE,Ext 1,3 9/16,50i,001140,FCVCAD001140,,,,,,
NPS 6,BWE,Ext 1,3 9/16,60i,001141,FCVCAD001141,,,,,,
NPS 6,BWE,Ext 1,3 9/16,70i,001142,FCVCAD001142,,,,,,
NPS 6,BWE,Ext 1,3 9/16,76i,001143,FCVCAD001143,,,,,,
NPS 6,BWE,Plain,5,80,001144,FCVCAD001144,,,,,,
NPS 6,BWE,Plain,5,87,001145,FCVCAD001145,,,,,,
NPS 6,BWE,Ext 1,5,80,001146,FCVCAD001146,,,,,,
NPS 6,BWE,Ext 1,5,87,001147,FCVCAD001147,,,,,,
NPS 6,BWE,Plain,5H,100,001148,FCVCAD001148,,,,,,
NPS 6,BWE,Ext 1,5H,100,001149,FCVCAD001149,,,,,,
NPS 6,PN10-16,Plain,2 13/16,40i,001150,FCVCAD001150,,,,,,
NPS 6,PN10-16,Plain,2 13/16,45i,001151,FCVCAD001151,,,,,,
NPS 6,PN10-16,Plain,2 13/16,46i,001152,FCVCAD001152,,,,,,
NPS 6,PN10-16,Plain,3 9/16,50i,001153,FCVCAD001153,,,,,,
NPS 6,PN10-16,Plain,3 9/16,60i,001154,FCVCAD001154,,,,,,
NPS 6,PN10-16,Plain,3 9/16,70i,001155,FCVCAD001155,,,,,,
NPS 6,PN10-16,Plain,3 9/16,76i,001156,FCVCAD001156,,,,,,
NPS 6,PN10-16,Ext 1,3 9/16,50i,001157,FCVCAD001157,,,,,,
NPS 6,PN10-16,Ext 1,3 9/16,60i,001158,FCVCAD001158,,,,,,
NPS 6,PN10-16,Ext 1,3 9/16,70i,001159,FCVCAD001159,,,,,,
NPS 6,PN10-16,Ext 1,3 9/16,76i,001160,FCVCAD001160,,,,,,
NPS 6,PN10-16,Plain,5,80,001161,FCVCAD001161,,,,,,
NPS 6,PN10-16,Plain,5,87,001162,FCVCAD001162,,,,,,
NPS 6,PN10-16,Ext 1,5,80,001163,FCVCAD001163,,,,,,
NPS 6,PN10-16,Ext 1,5,87,001164,FCVCAD001164,,,,,,
NPS 6,PN10-16,Plain,5H,100,001165,FCVCAD001165,,,,,,
NPS 6,PN10-16,Ext 1,5H,100,001166,FCVCAD001166,,,,,,
NPS 6,PN25-40,Plain,2 13/16,40i,001167,FCVCAD001167,,,,,,
NPS 6,PN25-40,Plain,2 13/16,45i,001168,FCVCAD001168,,,,,,
NPS 6,PN25-40,Plain,2 13/16,46i,001169,FCVCAD001169,,,,,,
NPS 6,PN25-40,Plain,3 9/16,50i,001170,FCVCAD001170,,,,,,
NPS 6,PN25-40,Plain,3 9/16,60i,001171,FCVCAD001171,,,,,,
NPS 6,PN25-40,Plain,3 9/16,70i,001172,FCVCAD001172,,,,,,
NPS 6,PN25-40,Plain,3 9/16,76i,001173,FCVCAD001173,,,,,,
NPS 6,PN25-40,Ext 1,3 9/16,50i,001174,FCVCAD001174,,,,,,
NPS 6,PN25-40,Ext 1,3 9/16,60i,001175,FCVCAD001175,,,,,,
NPS 6,PN25-40,Ext 1,3 9/16,70i,001176,FCVCAD001176,,,,,,
NPS 6,PN25-40,Ext 1,3 9/16,76i,001177,FCVCAD001177,,,,,,
NPS 6,PN25-40,Plain,5,80,001178,FCVCAD001178,,,,,,
NPS 6,PN25-40,Plain,5,87,001179,FCVCAD001179,,,,,,
NPS 6,PN25-40,Ext 1,5,80,001180,FCVCAD001180,,,,,,
NPS 6,PN25-40,Ext 1,5,87,001181,FCVCAD001181,,,,,,
NPS 6,PN25-40,Plain,5H,100,001182,FCVCAD001182,,,,,,
NPS 6,PN25-40,Ext 1,5H,100,001183,FCVCAD001183,,,,,,
NPS 6,PN63,Plain,2 13/16,40i,001184,FCVCAD001184,,,,,,
NPS 6,PN63,Plain,2 13/16,45i,001185,FCVCAD001185,,,,,,
NPS 6,PN63,Plain,2 13/16,46i,001186,FCVCAD001186,,,,,,
NPS 6,PN63,Plain,3 9/16,50i,001187,FCVCAD001187,,,,,,
NPS 6,PN63,Plain,3 9/16,60i,001188,FCVCAD001188,,,,,,
NPS 6,PN63,Plain,3 9/16,70i,001189,FCVCAD001189,,,,,,
NPS 6,PN63,Plain,3 9/16,76i,001190,FCVCAD001190,,,,,,
NPS 6,PN63,Ext 1,3 9/16,50i,001191,FCVCAD001191,,,,,,
NPS 6,PN63,Ext 1,3 9/16,60i,001192,FCVCAD001192,,,,,,
NPS 6,PN63,Ext 1,3 9/16,70i,001193,FCVCAD001193,,,,,,
NPS 6,PN63,Ext 1,3 9/16,76i,001194,FCVCAD001194,,,,,,
NPS 6,PN63,Plain,5,80,001195,FCVCAD001195,,,,,,
NPS 6,PN63,Plain,5,87,001196,FCVCAD001196,,,,,,
NPS 6,PN63,Ext 1,5,80,001197,FCVCAD001197,,,,,,
NPS 6,PN63,Ext 1,5,87,001198,FCVCAD001198,,,,,,
NPS 6,PN63,Plain,5H,100,001199,FCVCAD001199,,,,,,
NPS 6,PN63,Ext 1,5H,100,001200,FCVCAD001200,,,,,,
NPS 6,PN100,Plain,2 13/16,40i,001201,FCVCAD001201,,,,,,
NPS 6,PN100,Plain,2 13/16,45i,001202,FCVCAD001202,,,,,,
NPS 6,PN100,Plain,2 13/16,46i,001203,FCVCAD001203,,,,,,
NPS 6,PN100,Plain,3 9/16,50i,001204,FCVCAD001204,,,,,,
NPS 6,PN100,Plain,3 9/16,60i,001205,FCVCAD001205,,,,,,
NPS 6,PN100,Plain,3 9/16,70i,001206,FCVCAD001206,,,,,,
NPS 6,PN100,Plain,3 9/16,76i,001207,FCVCAD001207,,,,,,
NPS 6,PN100,Ext 1,3 9/16,50i,001208,FCVCAD001208,,,,,,
NPS 6,PN100,Ext 1,3 9/16,60i,001209,FCVCAD001209,,,,,,
NPS 6,PN100,Ext 1,3 9/16,70i,001210,FCVCAD001210,,,,,,
NPS 6,PN100,Ext 1,3 9/16,76i,001211,FCVCAD001211,,,,,,
NPS 6,PN100,Plain,5,80,001212,FCVCAD001212,,,,,,
NPS 6,PN100,Plain,5,87,001213,FCVCAD001213,,,,,,
NPS 6,PN100,Ext 1,5,80,001214,FCVCAD001214,,,,,,
NPS 6,PN100,Ext 1,5,87,001215,FCVCAD001215,,,,,,
NPS 6,PN100,Plain,5H,100,001216,FCVCAD001216,,,,,,
NPS 6,PN100,Ext 1,5H,100,001217,FCVCAD001217,,,,,,
NPS 8,CL150 RF,Plain,3 9/16,50i,001218,FCVCAD001218,,,,,,
NPS 8,CL150 RF,Plain,3 9/16,60i,001219,FCVCAD001219,,,,,,
NPS 8,CL150 RF,Plain,3 9/16,70i,001220,FCVCAD001220,,,,,,
NPS 8,CL150 RF,Plain,3 9/16,76i,001221,FCVCAD001221,,,,,,
NPS 8,CL150 RF,Ext 1,3 9/16,50i,001222,FCVCAD001222,,,,,,
NPS 8,CL150 RF,Ext 1,3 9/16,60i,001223,FCVCAD001223,,,,,,
NPS 8,CL150 RF,Ext 1,3 9/16,70i,001224,FCVCAD001224,,,,,,
NPS 8,CL150 RF,Ext 1,3 9/16,76i,001225,FCVCAD001225,,,,,,
NPS 8,CL150 RF,Ext 1,5,80,001226,FCVCAD001226,,,,,,
NPS 8,CL150 RF,Ext 1,5,87,001227,FCVCAD001227,,,,,,
NPS 8,CL150 RF,Ext 1,5H,100,001228,FCVCAD001228,,,,,,
NPS 8,CL300 RF,Plain,3 9/16,50i,001229,FCVCAD001229,,,,,,
NPS 8,CL300 RF,Plain,3 9/16,60i,001230,FCVCAD001230,,,,,,
NPS 8,CL300 RF,Plain,3 9/16,70i,001231,FCVCAD001231,,,,,,
NPS 8,CL300 RF,Plain,3 9/16,76i,001232,FCVCAD001232,,,,,,
NPS 8,CL300 RF,Ext 1,3 9/16,50i,001233,FCVCAD001233,,,,,,
NPS 8,CL300 RF,Ext 1,3 9/16,60i,001234,FCVCAD001234,,,,,,
NPS 8,CL300 RF,Ext 1,3 9/16,70i,001235,FCVCAD001235,,,,,,
NPS 8,CL300 RF,Ext 1,3 9/16,76i,001236,FCVCAD001236,,,,,,
NPS 8,CL300 RF,Ext 1,5,80,001237,FCVCAD001237,,,,,,
NPS 8,CL300 RF,Ext 1,5,87,001238,FCVCAD001238,,,,,,
NPS 8,CL300 RF,Ext 1,5H,100,001239,FCVCAD001239,,,,,,
NPS 8,CL300 RTJ,Plain,3 9/16,50i,001240,FCVCAD001240,,,,,,
NPS 8,CL300 RTJ,Plain,3 9/16,60i,001241,FCVCAD001241,,,,,,
NPS 8,CL300 RTJ,Plain,3 9/16,70i,001242,FCVCAD001242,,,,,,
NPS 8,CL300 RTJ,Plain,3 9/16,76i,001243,FCVCAD001243,,,,,,
NPS 8,CL300 RTJ,Ext 1,3 9/16,50i,001244,FCVCAD001244,,,,,,
NPS 8,CL300 RTJ,Ext 1,3 9/16,60i,001245,FCVCAD001245,,,,,,
NPS 8,CL300 RTJ,Ext 1,3 9/16,70i,001246,FCVCAD001246,,,,,,
NPS 8,CL300 RTJ,Ext 1,3 9/16,76i,001247,FCVCAD001247,,,,,,
NPS 8,CL300 RTJ,Ext 1,5,80,001248,FCVCAD001248,,,,,,
NPS 8,CL300 RTJ,Ext 1,5,87,001249,FCVCAD001249,,,,,,
NPS 8,CL300 RTJ,Ext 1,5H,100,001250,FCVCAD001250,,,,,,
NPS 8,CL600 RF,Plain,3 9/16,50i,001251,FCVCAD001251,,,,,,
NPS 8,CL600 RF,Plain,3 9/16,60i,001252,FCVCAD001252,,,,,,
NPS 8,CL600 RF,Plain,3 9/16,70i,001253,FCVCAD001253,,,,,,
NPS 8,CL600 RF,Plain,3 9/16,76i,001254,FCVCAD001254,,,,,,
NPS 8,CL600 RF,Ext 1,3 9/16,50i,001255,FCVCAD001255,,,,,,
NPS 8,CL600 RF,Ext 1,3 9/16,60i,001256,FCVCAD001256,,,,,,
NPS 8,CL600 RF,Ext 1,3 9/16,70i,001257,FCVCAD001257,,,,,,
NPS 8,CL600 RF,Ext 1,3 9/16,76i,001258,FCVCAD001258,,,,,,
NPS 8,CL600 RF,Ext 1,5,80,001259,FCVCAD001259,,,,,,
NPS 8,CL600 RF,Ext 1,5,87,001260,FCVCAD001260,,,,,,
NPS 8,CL600 RF,Ext 1,5H,100,001261,FCVCAD001261,,,,,,
NPS 8,CL600 RTJ,Plain,3 9/16,50i,001262,FCVCAD001262,,,,,,
NPS 8,CL600 RTJ,Plain,3 9/16,60i,001263,FCVCAD001263,,,,,,
NPS 8,CL600 RTJ,Plain,3 9/16,70i,001264,FCVCAD001264,,,,,,
NPS 8,CL600 RTJ,Plain,3 9/16,76i,001265,FCVCAD001265,,,,,,
NPS 8,CL600 RTJ,Ext 1,3 9/16,50i,001266,FCVCAD001266,,,,,,
NPS 8,CL600 RTJ,Ext 1,3 9/16,60i,001267,FCVCAD001267,,,,,,
NPS 8,CL600 RTJ,Ext 1,3 9/16,70i,001268,FCVCAD001268,,,,,,
NPS 8,CL600 RTJ,Ext 1,3 9/16,76i,001269,FCVCAD001269,,,,,,
NPS 8,CL600 RTJ,Ext 1,5,80,001270,FCVCAD001270,,,,,,
NPS 8,CL600 RTJ,Ext 1,5,87,001271,FCVCAD001271,,,,,,
NPS 8,CL600 RTJ,Ext 1,5H,100,001272,FCVCAD001272,,,,,,
NPS 8,BWE,Plain,3 9/16,50i,001273,FCVCAD001273,,,,,,
NPS 8,BWE,Plain,3 9/16,60i,001274,FCVCAD001274,,,,,,
NPS 8,BWE,Plain,3 9/16,70i,001275,FCVCAD001275,,,,,,
NPS 8,BWE,Plain,3 9/16,76i,001276,FCVCAD001276,,,,,,
NPS 8,BWE,Ext 1,3 9/16,50i,001277,FCVCAD001277,,,,,,
NPS 8,BWE,Ext 1,3 9/16,60i,001278,FCVCAD001278,,,,,,
NPS 8,BWE,Ext 1,3 9/16,70i,001279,FCVCAD001279,,,,,,
NPS 8,BWE,Ext 1,3 9/16,76i,001280,FCVCAD001280,,,,,,
NPS 8,BWE,Ext 1,5,80,001281,FCVCAD001281,,,,,,
NPS 8,BWE,Ext 1,5,87,001282,FCVCAD001282,,,,,,
NPS 8,BWE,Ext 1,5H,100,001283,FCVCAD001283,,,,,,
NPS 8,PN10,Plain,3 9/16,50i,001284,FCVCAD001284,,,,,,
NPS 8,PN10,Plain,3 9/16,60i,001285,FCVCAD001285,,,,,,
NPS 8,PN10,Plain,3 9/16,70i,001286,FCVCAD001286,,,,,,
NPS 8,PN10,Plain,3 9/16,76i,001287,FCVCAD001287,,,,,,
NPS 8,PN10,Ext 1,3 9/16,50i,001288,FCVCAD001288,,,,,,
NPS 8,PN10,Ext 1,3 9/16,60i,001289,FCVCAD001289,,,,,,
NPS 8,PN10,Ext 1,3 9/16,70i,001290,FCVCAD001290,,,,,,
NPS 8,PN10,Ext 1,3 9/16,76i,001291,FCVCAD001291,,,,,,
NPS 8,PN10,Ext 1,5,80,001292,FCVCAD001292,,,,,,
NPS 8,PN10,Ext 1,5,87,001293,FCVCAD001293,,,,,,
NPS 8,PN10,Ext 1,5H,100,001294,FCVCAD001294,,,,,,
NPS 8,PN16,Plain,3 9/16,50i,001295,FCVCAD001295,,,,,,
NPS 8,PN16,Plain,3 9/16,60i,001296,FCVCAD001296,,,,,,
NPS 8,PN16,Plain,3 9/16,70i,001297,FCVCAD001297,,,,,,
NPS 8,PN16,Plain,3 9/16,76i,001298,FCVCAD001298,,,,,,
NPS 8,PN16,Ext 1,3 9/16,50i,001299,FCVCAD001299,,,,,,
NPS 8,PN16,Ext 1,3 9/16,60i,001300,FCVCAD001300,,,,,,
NPS 8,PN16,Ext 1,3 9/16,70i,001301,FCVCAD001301,,,,,,
NPS 8,PN16,Ext 1,3 9/16,76i,001302,FCVCAD001302,,,,,,
NPS 8,PN16,Ext 1,5,80,001303,FCVCAD001303,,,,,,
NPS 8,PN16,Ext 1,5,87,001304,FCVCAD001304,,,,,,
NPS 8,PN16,Ext 1,5H,100,001305,FCVCAD001305,,,,,,
NPS 8,PN25,Plain,3 9/16,50i,001306,FCVCAD001306,,,,,,
NPS 8,PN25,Plain,3 9/16,60i,001307,FCVCAD001307,,,,,,
NPS 8,PN25,Plain,3 9/16,70i,001308,FCVCAD001308,,,,,,
NPS 8,PN25,Plain,3 9/16,76i,001309,FCVCAD001309,,,,,,
NPS 8,PN25,Ext 1,3 9/16,50i,001310,FCVCAD001310,,,,,,
NPS 8,PN25,Ext 1,3 9/16,60i,001311,FCVCAD001311,,,,,,
NPS 8,PN25,Ext 1,3 9/16,70i,001312,FCVCAD001312,,,,,,
NPS 8,PN25,Ext 1,3 9/16,76i,001313,FCVCAD001313,,,,,,
NPS 8,PN25,Ext 1,5,80,001314,FCVCAD001314,,,,,,
NPS 8,PN25,Ext 1,5,87,001315,FCVCAD001315,,,,,,
NPS 8,PN25,Ext 1,5H,100,001316,FCVCAD001316,,,,,,
NPS 8,PN40,Plain,3 9/16,50i,001317,FCVCAD001317,,,,,,
NPS 8,PN40,Plain,3 9/16,60i,001318,FCVCAD001318,,,,,,
NPS 8,PN40,Plain,3 9/16,70i,001319,FCVCAD001319,,,,,,
NPS 8,PN40,Plain,3 9/16,76i,001320,FCVCAD001320,,,,,,
NPS 8,PN40,Ext 1,3 9/16,50i,001321,FCVCAD001321,,,,,,
NPS 8,PN40,Ext 1,3 9/16,60i,001322,FCVCAD001322,,,,,,
NPS 8,PN40,Ext 1,3 9/16,70i,001323,FCVCAD001323,,,,,,
NPS 8,PN40,Ext 1,3 9/16,76i,001324,FCVCAD001324,,,,,,
NPS 8,PN40,Ext 1,5,80,001325,FCVCAD001325,,,,,,
NPS 8,PN40,Ext 1,5,87,001326,FCVCAD001326,,,,,,
NPS 8,PN40,Ext 1,5H,100,001327,FCVCAD001327,,,,,,
NPS 8,PN63,Plain,3 9/16,50i,001328,FCVCAD001328,,,,,,
NPS 8,PN63,Plain,3 9/16,60i,001329,FCVCAD001329,,,,,,
NPS 8,PN63,Plain,3 9/16,70i,001330,FCVCAD001330,,,,,,
NPS 8,PN63,Plain,3 9/16,76i,001331,FCVCAD001331,,,,,,
NPS 8,PN63,Ext 1,3 9/16,50i,001332,FCVCAD001332,,,,,,
NPS 8,PN63,Ext 1,3 9/16,60i,001333,FCVCAD001333,,,,,,
NPS 8,PN63,Ext 1,3 9/16,70i,001334,FCVCAD001334,,,,,,
NPS 8,PN63,Ext 1,3 9/16,76i,001335,FCVCAD001335,,,,,,
NPS 8,PN63,Ext 1,5,80,001336,FCVCAD001336,,,,,,
NPS 8,PN63,Ext 1,5,87,001337,FCVCAD001337,,,,,,
NPS 8,PN63,Ext 1,5H,100,001338,FCVCAD001338,,,,,,
NPS 8,PN100,Plain,3 9/16,50i,001339,FCVCAD001339,,,,,,
NPS 8,PN100,Plain,3 9/16,60i,001340,FCVCAD001340,,,,,,
NPS 8,PN100,Plain,3 9/16,70i,001341,FCVCAD001341,,,,,,
NPS 8,PN100,Plain,3 9/16,76i,001342,FCVCAD001342,,,,,,
NPS 8,PN100,Ext 1,3 9/16,50i,001343,FCVCAD001343,,,,,,
NPS 8,PN100,Ext 1,3 9/16,60i,001344,FCVCAD001344,,,,,,
NPS 8,PN100,Ext 1,3 9/16,70i,001345,FCVCAD001345,,,,,,
NPS 8,PN100,Ext 1,3 9/16,76i,001346,FCVCAD001346,,,,,,
NPS 8,PN100,Ext 1,5,80,001347,FCVCAD001347,,,,,,
NPS 8,PN100,Ext 1,5,87,001348,FCVCAD001348,,,,,,
NPS 8,PN100,Ext 1,5H,100,001349,FCVCAD001349,,,,,,
